# Blender 4.5.0 Release Candidate
# www.blender.org
o Icosphere.004
v -0.000000 0.221819 -0.075696
v -0.123221 0.044427 -0.194366
v -0.199377 0.120121 0.027456
v -0.000000 0.166902 0.164551
v 0.199377 0.120121 0.027456
v 0.123220 0.044427 -0.194366
v -0.199377 -0.120128 -0.027458
v -0.123221 -0.044434 0.194363
v 0.123221 -0.044434 0.194363
v 0.199377 -0.120128 -0.027458
v -0.000000 -0.166909 -0.164554
v -0.000000 -0.221826 0.075693
v -0.117190 0.200988 -0.028355
v -0.072427 0.156496 -0.158737
v -0.189618 0.096719 -0.098107
v -0.000000 0.052227 -0.228489
v 0.072427 0.156496 -0.158737
v -0.000000 0.228485 0.052228
v -0.117190 0.168709 0.112859
v 0.117190 0.200988 -0.028355
v 0.117190 0.168709 0.112859
v 0.189618 0.096719 -0.098107
v -0.072427 -0.071993 -0.210967
v 0.072427 -0.071993 -0.210968
v -0.234382 -0.000004 -0.000001
v -0.189619 -0.044496 -0.130385
v -0.072427 0.071986 0.210965
v -0.189619 0.044488 0.130383
v 0.189619 0.044488 0.130383
v 0.072427 0.071986 0.210965
v 0.189619 -0.044496 -0.130385
v 0.234382 -0.000004 -0.000001
v -0.117190 -0.168716 -0.112862
v -0.189618 -0.096726 0.098104
v -0.000000 -0.052234 0.228487
v 0.189618 -0.096726 0.098104
v 0.117190 -0.168716 -0.112862
v -0.117190 -0.200995 0.028352
v -0.000000 -0.228492 -0.052231
v -0.072427 -0.156503 0.158735
v 0.072427 -0.156503 0.158735
v 0.117190 -0.200995 0.028352
v 0.014108 0.378007 -0.128993
v 0.014108 -0.378009 0.128989
v 0.009976 0.374785 -0.138434
v 0.009976 -0.381230 0.119547
v -0.000000 0.373451 -0.142344
v 0.000000 -0.382565 0.115637
v -0.009976 0.374785 -0.138434
v -0.009976 -0.381230 0.119547
v -0.014108 0.378007 -0.128993
v -0.014108 -0.378009 0.128989
v -0.009976 0.381229 -0.119552
v -0.009976 -0.374787 0.138430
v -0.000000 0.382563 -0.115641
v 0.000000 -0.373452 0.142340
v 0.009976 0.381229 -0.119552
v 0.009976 -0.374787 0.138430
v -0.007415 0.000000 -0.314908
v -0.007415 0.081503 -0.304177
v -0.007415 0.157451 -0.272719
v -0.007415 0.222670 -0.222675
v -0.007415 0.272714 -0.157456
v -0.007415 0.304173 -0.081508
v -0.007415 0.314903 -0.000005
v -0.007415 0.304173 0.081498
v -0.007415 0.272714 0.157447
v -0.007415 0.222670 0.222665
v -0.007415 0.157451 0.272709
v -0.007415 0.081503 0.304168
v -0.007415 0.000000 0.314898
v -0.007415 -0.081503 0.304168
v -0.007415 -0.157451 0.272709
v -0.007415 -0.222670 0.222665
v -0.007415 -0.272714 0.157447
v -0.007415 -0.304173 0.081498
v -0.007415 -0.314903 -0.000005
v -0.007415 -0.304173 -0.081508
v -0.007415 -0.272714 -0.157456
v -0.007415 -0.222670 -0.222675
v -0.007415 -0.157451 -0.272719
v -0.007415 -0.081503 -0.304177
v 0.007414 0.081503 -0.304177
v 0.007414 -0.000000 -0.314908
v 0.007414 0.157451 -0.272719
v 0.007414 0.222670 -0.222675
v 0.007414 0.272714 -0.157456
v 0.007414 0.304173 -0.081508
v 0.007414 0.314903 -0.000005
v 0.007414 0.304173 0.081498
v 0.007414 0.272714 0.157447
v 0.007414 0.222670 0.222665
v 0.007414 0.157451 0.272709
v 0.007414 0.081503 0.304168
v 0.007414 -0.000000 0.314898
v 0.007414 -0.081503 0.304168
v 0.007414 -0.157451 0.272709
v 0.007414 -0.222670 0.222665
v 0.007414 -0.272714 0.157447
v 0.007414 -0.304173 0.081498
v 0.007414 -0.314903 -0.000005
v 0.007414 -0.304173 -0.081508
v 0.007414 -0.272714 -0.157456
v 0.007414 -0.222670 -0.222675
v 0.007414 -0.157451 -0.272719
v 0.007414 -0.081503 -0.304177
v 0.314894 -0.000000 -0.007431
v 0.304163 0.081503 -0.007431
v 0.272705 0.157451 -0.007431
v 0.222661 0.222670 -0.007431
v 0.157442 0.272714 -0.007431
v 0.081494 0.304173 -0.007431
v -0.000009 0.314903 -0.007431
v -0.081512 0.304173 -0.007431
v -0.157461 0.272714 -0.007431
v -0.222679 0.222670 -0.007431
v -0.272723 0.157451 -0.007431
v -0.304182 0.081503 -0.007431
v -0.314912 -0.000000 -0.007431
v -0.304182 -0.081503 -0.007431
v -0.272723 -0.157451 -0.007431
v -0.222679 -0.222670 -0.007431
v -0.157461 -0.272714 -0.007431
v -0.081512 -0.304173 -0.007431
v -0.000009 -0.314903 -0.007431
v 0.081494 -0.304173 -0.007431
v 0.157442 -0.272714 -0.007431
v 0.222661 -0.222670 -0.007431
v 0.272705 -0.157451 -0.007431
v 0.304163 -0.081503 -0.007431
v 0.304163 0.081503 0.007399
v 0.314894 0.000000 0.007399
v 0.272705 0.157451 0.007399
v 0.222661 0.222670 0.007399
v 0.157442 0.272714 0.007399
v 0.081494 0.304173 0.007399
v -0.000009 0.314903 0.007399
v -0.081512 0.304173 0.007399
v -0.157461 0.272714 0.007399
v -0.222679 0.222670 0.007399
v -0.272723 0.157451 0.007399
v -0.304182 0.081503 0.007399
v -0.314912 0.000000 0.007399
v -0.304182 -0.081503 0.007399
v -0.272723 -0.157451 0.007399
v -0.222679 -0.222670 0.007399
v -0.157461 -0.272714 0.007399
v -0.081512 -0.304173 0.007399
v -0.000009 -0.314903 0.007399
v 0.081494 -0.304173 0.007399
v 0.157442 -0.272714 0.007399
v 0.222661 -0.222670 0.007399
v 0.272705 -0.157451 0.007399
v 0.304163 -0.081503 0.007399
v -0.007415 0.094553 -0.352881
v -0.007415 0.000000 -0.365329
v -0.007415 0.182662 -0.316385
v -0.007415 0.258323 -0.258328
v -0.007415 0.316380 -0.182667
v -0.007415 0.352876 -0.094557
v -0.007415 0.365324 -0.000005
v -0.007415 0.352876 0.094548
v -0.007415 0.316380 0.182657
v -0.007415 0.258323 0.258318
v -0.007415 0.182662 0.316375
v -0.007415 0.094553 0.352871
v -0.007415 0.000000 0.365319
v -0.007415 -0.094553 0.352871
v -0.007415 -0.182662 0.316375
v -0.007415 -0.258323 0.258318
v -0.007415 -0.316380 0.182657
v -0.007415 -0.352876 0.094548
v -0.007415 -0.365324 -0.000005
v -0.007415 -0.352876 -0.094558
v -0.007415 -0.316380 -0.182667
v -0.007415 -0.258323 -0.258328
v -0.007415 -0.182662 -0.316385
v -0.007415 -0.094553 -0.352881
v 0.007414 0.094553 -0.352881
v 0.007414 -0.000000 -0.365329
v 0.007414 0.182662 -0.316385
v 0.007414 0.258323 -0.258328
v 0.007414 0.316380 -0.182667
v 0.007414 0.352876 -0.094557
v 0.007414 0.365324 -0.000005
v 0.007414 0.352876 0.094548
v 0.007414 0.316380 0.182657
v 0.007414 0.258323 0.258318
v 0.007414 0.182662 0.316375
v 0.007414 0.094553 0.352871
v 0.007414 -0.000000 0.365319
v 0.007414 -0.094553 0.352871
v 0.007414 -0.182662 0.316375
v 0.007414 -0.258323 0.258318
v 0.007414 -0.316380 0.182657
v 0.007414 -0.352876 0.094548
v 0.007414 -0.365324 -0.000005
v 0.007414 -0.352876 -0.094558
v 0.007414 -0.316380 -0.182667
v 0.007414 -0.258323 -0.258328
v 0.007414 -0.182662 -0.316385
v 0.007414 -0.094553 -0.352881
v 0.352867 0.094553 -0.007431
v 0.365315 -0.000000 -0.007431
v 0.316371 0.182662 -0.007431
v 0.258314 0.258323 -0.007431
v 0.182653 0.316380 -0.007431
v 0.094543 0.352876 -0.007431
v -0.000009 0.365324 -0.007431
v -0.094562 0.352876 -0.007431
v -0.182671 0.316380 -0.007431
v -0.258332 0.258323 -0.007431
v -0.316389 0.182662 -0.007431
v -0.352885 0.094553 -0.007431
v -0.365333 0.000000 -0.007431
v -0.352885 -0.094553 -0.007431
v -0.316389 -0.182662 -0.007431
v -0.258332 -0.258323 -0.007431
v -0.182671 -0.316380 -0.007431
v -0.094562 -0.352876 -0.007431
v -0.000009 -0.365324 -0.007431
v 0.094543 -0.352876 -0.007431
v 0.182653 -0.316380 -0.007431
v 0.258314 -0.258323 -0.007431
v 0.316371 -0.182662 -0.007431
v 0.352867 -0.094553 -0.007431
v 0.352867 0.094553 0.007399
v 0.365315 -0.000000 0.007399
v 0.316371 0.182662 0.007399
v 0.258314 0.258323 0.007399
v 0.182653 0.316380 0.007399
v 0.094543 0.352876 0.007399
v -0.000009 0.365324 0.007399
v -0.094562 0.352876 0.007399
v -0.182671 0.316380 0.007399
v -0.258332 0.258323 0.007399
v -0.316389 0.182662 0.007399
v -0.352885 0.094553 0.007399
v -0.365333 0.000000 0.007399
v -0.352885 -0.094553 0.007399
v -0.316389 -0.182662 0.007399
v -0.258332 -0.258323 0.007399
v -0.182671 -0.316380 0.007399
v -0.094562 -0.352876 0.007399
v -0.000009 -0.365324 0.007399
v 0.094543 -0.352876 0.007399
v 0.182653 -0.316380 0.007399
v 0.258314 -0.258323 0.007399
v 0.316371 -0.182662 0.007399
v 0.352867 -0.094553 0.007399
v -0.348440 -0.000000 -0.000000
v -0.346795 -0.003916 -0.000000
v -0.342879 -0.005467 -0.000000
v -0.339081 -0.003798 -0.000000
v -0.337555 -0.000000 0.000000
v -0.339081 0.003798 -0.000000
v -0.342879 0.005467 -0.000000
v -0.346795 0.003916 -0.000000
v -0.336567 -0.000000 -0.090183
v -0.334978 -0.003916 -0.089757
v -0.331196 -0.005467 -0.088744
v -0.327527 -0.003798 -0.087761
v -0.326054 -0.000000 -0.087366
v -0.327527 0.003798 -0.087761
v -0.331196 0.005467 -0.088744
v -0.334978 0.003916 -0.089757
v -0.301757 -0.000000 -0.174220
v -0.300333 -0.003916 -0.173398
v -0.296942 -0.005467 -0.171439
v -0.293653 -0.003798 -0.169540
v -0.292332 -0.000000 -0.168778
v -0.293653 0.003798 -0.169540
v -0.296942 0.005467 -0.171439
v -0.300333 0.003916 -0.173398
v -0.246384 -0.000000 -0.246384
v -0.245221 -0.003916 -0.245221
v -0.242452 -0.005467 -0.242452
v -0.239766 -0.003798 -0.239766
v -0.238688 -0.000000 -0.238688
v -0.239766 0.003798 -0.239766
v -0.242452 0.005467 -0.242452
v -0.245221 0.003916 -0.245221
v -0.174220 -0.000000 -0.301757
v -0.173398 -0.003916 -0.300333
v -0.171440 -0.005467 -0.296942
v -0.169540 -0.003798 -0.293653
v -0.168778 -0.000000 -0.292331
v -0.169540 0.003798 -0.293653
v -0.171440 0.005467 -0.296942
v -0.173398 0.003916 -0.300333
v -0.090183 -0.000000 -0.336567
v -0.089757 -0.003916 -0.334978
v -0.088744 -0.005467 -0.331196
v -0.087761 -0.003798 -0.327527
v -0.087366 -0.000000 -0.326053
v -0.087761 0.003798 -0.327527
v -0.088744 0.005467 -0.331196
v -0.089757 0.003916 -0.334978
v -0.000000 0.000000 -0.348439
v -0.000000 -0.003916 -0.346795
v -0.000000 -0.005467 -0.342879
v -0.000000 -0.003798 -0.339081
v -0.000000 -0.000000 -0.337555
v -0.000000 0.003798 -0.339081
v -0.000000 0.005467 -0.342879
v -0.000000 0.003916 -0.346795
v 0.090183 0.000000 -0.336567
v 0.089757 -0.003916 -0.334978
v 0.088743 -0.005467 -0.331196
v 0.087760 -0.003798 -0.327527
v 0.087366 0.000000 -0.326053
v 0.087760 0.003798 -0.327527
v 0.088743 0.005467 -0.331196
v 0.089757 0.003916 -0.334978
v 0.174220 0.000000 -0.301757
v 0.173397 -0.003916 -0.300333
v 0.171439 -0.005467 -0.296942
v 0.169540 -0.003798 -0.293653
v 0.168778 0.000000 -0.292331
v 0.169540 0.003798 -0.293653
v 0.171439 0.005467 -0.296942
v 0.173397 0.003916 -0.300333
v 0.246384 0.000000 -0.246384
v 0.245221 -0.003916 -0.245221
v 0.242452 -0.005467 -0.242452
v 0.239766 -0.003798 -0.239766
v 0.238688 0.000000 -0.238688
v 0.239766 0.003798 -0.239766
v 0.242452 0.005467 -0.242452
v 0.245221 0.003916 -0.245221
v 0.301757 0.000000 -0.174220
v 0.300333 -0.003916 -0.173398
v 0.296942 -0.005467 -0.171440
v 0.293652 -0.003798 -0.169540
v 0.292331 0.000000 -0.168778
v 0.293652 0.003798 -0.169540
v 0.296942 0.005467 -0.171440
v 0.300333 0.003916 -0.173398
v 0.336567 0.000000 -0.090183
v 0.334978 -0.003916 -0.089757
v 0.331195 -0.005467 -0.088744
v 0.327527 -0.003798 -0.087761
v 0.326053 0.000000 -0.087366
v 0.327527 0.003798 -0.087761
v 0.331195 0.005467 -0.088744
v 0.334978 0.003916 -0.089757
v 0.348439 0.000000 -0.000000
v 0.346795 -0.003916 -0.000000
v 0.342879 -0.005467 -0.000000
v 0.339081 -0.003798 -0.000000
v 0.337555 0.000000 -0.000000
v 0.339081 0.003798 -0.000000
v 0.342879 0.005467 -0.000000
v 0.346795 0.003916 -0.000000
v 0.336567 0.000000 0.090183
v 0.334978 -0.003916 0.089757
v 0.331195 -0.005467 0.088744
v 0.327527 -0.003798 0.087761
v 0.326053 0.000000 0.087366
v 0.327527 0.003798 0.087761
v 0.331195 0.005467 0.088744
v 0.334978 0.003916 0.089757
v 0.301757 0.000000 0.174220
v 0.300333 -0.003916 0.173397
v 0.296942 -0.005467 0.171439
v 0.293653 -0.003798 0.169540
v 0.292331 0.000000 0.168778
v 0.293653 0.003798 0.169540
v 0.296942 0.005467 0.171439
v 0.300333 0.003916 0.173397
v 0.246384 0.000000 0.246384
v 0.245221 -0.003916 0.245221
v 0.242452 -0.005467 0.242452
v 0.239766 -0.003798 0.239766
v 0.238688 0.000000 0.238688
v 0.239766 0.003798 0.239766
v 0.242452 0.005467 0.242452
v 0.245221 0.003916 0.245221
v 0.174220 0.000000 0.301757
v 0.173397 -0.003916 0.300333
v 0.171439 -0.005467 0.296942
v 0.169540 -0.003798 0.293653
v 0.168778 0.000000 0.292331
v 0.169540 0.003798 0.293653
v 0.171439 0.005467 0.296942
v 0.173397 0.003916 0.300333
v 0.090183 0.000000 0.336567
v 0.089757 -0.003916 0.334978
v 0.088744 -0.005467 0.331196
v 0.087761 -0.003798 0.327527
v 0.087366 0.000000 0.326053
v 0.087761 0.003798 0.327527
v 0.088744 0.005467 0.331196
v 0.089757 0.003916 0.334978
v -0.000000 -0.000000 0.348439
v -0.000000 -0.003916 0.346795
v -0.000000 -0.005467 0.342879
v -0.000000 -0.003798 0.339081
v -0.000000 0.000000 0.337555
v -0.000000 0.003798 0.339081
v -0.000000 0.005467 0.342879
v -0.000000 0.003916 0.346795
v -0.090183 -0.000000 0.336567
v -0.089757 -0.003916 0.334978
v -0.088744 -0.005467 0.331196
v -0.087761 -0.003798 0.327527
v -0.087366 -0.000000 0.326053
v -0.087761 0.003798 0.327527
v -0.088744 0.005467 0.331196
v -0.089757 0.003916 0.334978
v -0.174220 -0.000000 0.301757
v -0.173398 -0.003916 0.300333
v -0.171440 -0.005467 0.296942
v -0.169540 -0.003798 0.293653
v -0.168778 -0.000000 0.292331
v -0.169540 0.003798 0.293653
v -0.171440 0.005467 0.296942
v -0.173398 0.003916 0.300333
v -0.246384 -0.000000 0.246384
v -0.245221 -0.003916 0.245221
v -0.242452 -0.005467 0.242452
v -0.239766 -0.003798 0.239766
v -0.238688 -0.000000 0.238688
v -0.239766 0.003798 0.239766
v -0.242452 0.005467 0.242452
v -0.245221 0.003916 0.245221
v -0.301757 -0.000000 0.174220
v -0.300333 -0.003916 0.173398
v -0.296942 -0.005467 0.171439
v -0.293653 -0.003798 0.169540
v -0.292332 -0.000000 0.168778
v -0.293653 0.003798 0.169540
v -0.296942 0.005467 0.171439
v -0.300333 0.003916 0.173398
v -0.336567 -0.000000 0.090183
v -0.334978 -0.003916 0.089757
v -0.331196 -0.005467 0.088743
v -0.327527 -0.003798 0.087760
v -0.326054 -0.000000 0.087366
v -0.327527 0.003798 0.087760
v -0.331196 0.005467 0.088744
v -0.334978 0.003916 0.089757
v -0.261734 0.221609 -0.000005
v -0.260057 0.217588 -0.000005
v -0.256031 0.215959 -0.000005
v -0.252072 0.217655 -0.000005
v -0.250462 0.221609 -0.000005
v -0.252072 0.225563 -0.000005
v -0.256031 0.227258 -0.000005
v -0.260057 0.225630 -0.000005
v -0.252815 0.221609 -0.067746
v -0.251195 0.217588 -0.067312
v -0.247307 0.215959 -0.066270
v -0.243482 0.217655 -0.065246
v -0.241928 0.221609 -0.064829
v -0.243482 0.225563 -0.065246
v -0.247307 0.227258 -0.066270
v -0.251195 0.225630 -0.067312
v -0.226668 0.221609 -0.130872
v -0.225216 0.217588 -0.130033
v -0.221730 0.215959 -0.128020
v -0.218300 0.217655 -0.126040
v -0.216906 0.221609 -0.125236
v -0.218300 0.225563 -0.126040
v -0.221730 0.227258 -0.128020
v -0.225216 0.225630 -0.130033
v -0.185074 0.221609 -0.185078
v -0.183888 0.217588 -0.183892
v -0.181041 0.215959 -0.181046
v -0.178241 0.217655 -0.178246
v -0.177103 0.221609 -0.177108
v -0.178241 0.225563 -0.178246
v -0.181041 0.227258 -0.181046
v -0.183888 0.225630 -0.183892
v -0.130867 0.221609 -0.226673
v -0.130028 0.217588 -0.225220
v -0.128016 0.215959 -0.221734
v -0.126036 0.217655 -0.218305
v -0.125231 0.221609 -0.216911
v -0.126036 0.225563 -0.218305
v -0.128016 0.227258 -0.221734
v -0.130028 0.225630 -0.225220
v -0.067742 0.221609 -0.252820
v -0.067308 0.217588 -0.251200
v -0.066266 0.215959 -0.247312
v -0.065241 0.217655 -0.243487
v -0.064824 0.221609 -0.241932
v -0.065241 0.225563 -0.243487
v -0.066266 0.227258 -0.247312
v -0.067308 0.225630 -0.251200
v -0.000000 0.221609 -0.261738
v -0.000000 0.217588 -0.260061
v -0.000000 0.215959 -0.256036
v -0.000000 0.217655 -0.252076
v -0.000000 0.221609 -0.250466
v -0.000000 0.225563 -0.252076
v -0.000000 0.227258 -0.256036
v -0.000000 0.225630 -0.260061
v 0.067742 0.221609 -0.252820
v 0.067308 0.217588 -0.251200
v 0.066266 0.215959 -0.247312
v 0.065241 0.217655 -0.243487
v 0.064824 0.221609 -0.241932
v 0.065241 0.225563 -0.243487
v 0.066266 0.227258 -0.247312
v 0.067308 0.225630 -0.251200
v 0.130867 0.221609 -0.226673
v 0.130028 0.217588 -0.225220
v 0.128016 0.215959 -0.221734
v 0.126036 0.217655 -0.218305
v 0.125231 0.221609 -0.216911
v 0.126036 0.225563 -0.218305
v 0.128016 0.227258 -0.221734
v 0.130028 0.225630 -0.225220
v 0.185074 0.221609 -0.185078
v 0.183888 0.217588 -0.183892
v 0.181041 0.215959 -0.181046
v 0.178242 0.217655 -0.178246
v 0.177103 0.221609 -0.177108
v 0.178242 0.225563 -0.178246
v 0.181042 0.227258 -0.181046
v 0.183888 0.225630 -0.183892
v 0.226668 0.221609 -0.130872
v 0.225216 0.217588 -0.130033
v 0.221730 0.215959 -0.128020
v 0.218300 0.217655 -0.126040
v 0.216906 0.221609 -0.125236
v 0.218300 0.225563 -0.126040
v 0.221730 0.227258 -0.128020
v 0.225216 0.225630 -0.130033
v 0.252815 0.221609 -0.067746
v 0.251195 0.217588 -0.067312
v 0.247307 0.215959 -0.066270
v 0.243482 0.217655 -0.065246
v 0.241928 0.221609 -0.064829
v 0.243482 0.225563 -0.065246
v 0.247307 0.227258 -0.066270
v 0.251195 0.225630 -0.067312
v 0.261734 0.221609 -0.000005
v 0.260057 0.217588 -0.000005
v 0.256031 0.215959 -0.000005
v 0.252072 0.217655 -0.000005
v 0.250462 0.221609 -0.000005
v 0.252071 0.225563 -0.000005
v 0.256031 0.227258 -0.000005
v 0.260057 0.225630 -0.000005
v 0.252815 0.221609 0.067737
v 0.251195 0.217588 0.067303
v 0.247307 0.215959 0.066261
v 0.243482 0.217655 0.065236
v 0.241928 0.221609 0.064820
v 0.243482 0.225563 0.065236
v 0.247307 0.227258 0.066261
v 0.251195 0.225630 0.067303
v 0.226668 0.221609 0.130862
v 0.225216 0.217588 0.130024
v 0.221730 0.215959 0.128011
v 0.218300 0.217655 0.126031
v 0.216906 0.221609 0.125226
v 0.218300 0.225563 0.126031
v 0.221730 0.227258 0.128011
v 0.225216 0.225630 0.130024
v 0.185074 0.221609 0.185069
v 0.183888 0.217588 0.183883
v 0.181041 0.215959 0.181037
v 0.178242 0.217655 0.178237
v 0.177103 0.221609 0.177099
v 0.178242 0.225563 0.178237
v 0.181042 0.227258 0.181037
v 0.183888 0.225630 0.183883
v 0.130867 0.221609 0.226663
v 0.130028 0.217588 0.225211
v 0.128016 0.215959 0.221725
v 0.126036 0.217655 0.218296
v 0.125231 0.221609 0.216902
v 0.126036 0.225563 0.218296
v 0.128016 0.227258 0.221725
v 0.130028 0.225630 0.225211
v 0.067742 0.221609 0.252811
v 0.067308 0.217588 0.251191
v 0.066266 0.215959 0.247303
v 0.065241 0.217655 0.243478
v 0.064824 0.221609 0.241923
v 0.065241 0.225563 0.243478
v 0.066266 0.227258 0.247303
v 0.067308 0.225630 0.251191
v -0.000000 0.221609 0.261729
v -0.000000 0.217588 0.260052
v -0.000000 0.215959 0.256027
v -0.000000 0.217655 0.252067
v -0.000000 0.221609 0.250457
v -0.000000 0.225563 0.252067
v -0.000000 0.227258 0.256027
v -0.000000 0.225630 0.260052
v -0.067742 0.221609 0.252811
v -0.067307 0.217588 0.251191
v -0.066266 0.215959 0.247303
v -0.065241 0.217655 0.243478
v -0.064824 0.221609 0.241923
v -0.065241 0.225563 0.243478
v -0.066266 0.227258 0.247303
v -0.067307 0.225630 0.251191
v -0.130867 0.221609 0.226664
v -0.130028 0.217588 0.225211
v -0.128016 0.215959 0.221725
v -0.126036 0.217655 0.218296
v -0.125231 0.221609 0.216902
v -0.126036 0.225563 0.218296
v -0.128016 0.227258 0.221725
v -0.130028 0.225630 0.225211
v -0.185074 0.221609 0.185069
v -0.183888 0.217588 0.183883
v -0.181041 0.215959 0.181037
v -0.178241 0.217655 0.178237
v -0.177103 0.221609 0.177099
v -0.178241 0.225563 0.178237
v -0.181041 0.227258 0.181037
v -0.183888 0.225630 0.183883
v -0.226668 0.221609 0.130862
v -0.225216 0.217588 0.130024
v -0.221730 0.215959 0.128011
v -0.218300 0.217655 0.126031
v -0.216906 0.221609 0.125226
v -0.218300 0.225563 0.126031
v -0.221730 0.227258 0.128011
v -0.225216 0.225630 0.130024
v -0.252815 0.221609 0.067737
v -0.251195 0.217588 0.067303
v -0.247307 0.215959 0.066261
v -0.243482 0.217655 0.065236
v -0.241928 0.221609 0.064820
v -0.243482 0.225563 0.065236
v -0.247307 0.227258 0.066261
v -0.251195 0.225630 0.067303
v -0.261734 -0.221609 -0.000005
v -0.260057 -0.217588 -0.000005
v -0.256031 -0.215959 -0.000005
v -0.252072 -0.217655 -0.000005
v -0.250462 -0.221609 -0.000005
v -0.252072 -0.225563 -0.000005
v -0.256031 -0.227258 -0.000005
v -0.260057 -0.225630 -0.000005
v -0.252815 -0.221609 -0.067746
v -0.251195 -0.217588 -0.067312
v -0.247307 -0.215959 -0.066270
v -0.243482 -0.217655 -0.065246
v -0.241928 -0.221609 -0.064829
v -0.243482 -0.225563 -0.065246
v -0.247307 -0.227258 -0.066270
v -0.251195 -0.225630 -0.067312
v -0.226668 -0.221609 -0.130872
v -0.225216 -0.217588 -0.130033
v -0.221730 -0.215959 -0.128020
v -0.218300 -0.217655 -0.126040
v -0.216906 -0.221609 -0.125236
v -0.218300 -0.225563 -0.126040
v -0.221730 -0.227258 -0.128020
v -0.225216 -0.225630 -0.130033
v -0.185074 -0.221609 -0.185078
v -0.183888 -0.217588 -0.183892
v -0.181041 -0.215959 -0.181046
v -0.178241 -0.217655 -0.178246
v -0.177103 -0.221609 -0.177108
v -0.178241 -0.225563 -0.178246
v -0.181041 -0.227258 -0.181046
v -0.183888 -0.225630 -0.183892
v -0.130867 -0.221609 -0.226673
v -0.130028 -0.217588 -0.225220
v -0.128016 -0.215959 -0.221734
v -0.126036 -0.217655 -0.218305
v -0.125231 -0.221609 -0.216911
v -0.126036 -0.225563 -0.218305
v -0.128016 -0.227258 -0.221734
v -0.130028 -0.225630 -0.225220
v -0.067742 -0.221609 -0.252820
v -0.067308 -0.217588 -0.251200
v -0.066266 -0.215959 -0.247312
v -0.065241 -0.217655 -0.243487
v -0.064824 -0.221609 -0.241932
v -0.065241 -0.225563 -0.243487
v -0.066266 -0.227258 -0.247312
v -0.067308 -0.225630 -0.251200
v -0.000000 -0.221609 -0.261738
v -0.000000 -0.217588 -0.260061
v -0.000000 -0.215959 -0.256036
v -0.000000 -0.217655 -0.252076
v -0.000000 -0.221609 -0.250466
v -0.000000 -0.225563 -0.252076
v -0.000000 -0.227258 -0.256036
v -0.000000 -0.225630 -0.260061
v 0.067742 -0.221609 -0.252820
v 0.067308 -0.217588 -0.251200
v 0.066266 -0.215959 -0.247312
v 0.065241 -0.217655 -0.243487
v 0.064824 -0.221609 -0.241932
v 0.065241 -0.225563 -0.243487
v 0.066266 -0.227258 -0.247312
v 0.067308 -0.225630 -0.251200
v 0.130867 -0.221609 -0.226673
v 0.130028 -0.217588 -0.225220
v 0.128016 -0.215959 -0.221734
v 0.126036 -0.217655 -0.218305
v 0.125231 -0.221609 -0.216911
v 0.126036 -0.225563 -0.218305
v 0.128016 -0.227258 -0.221734
v 0.130028 -0.225630 -0.225220
v 0.185074 -0.221609 -0.185078
v 0.183888 -0.217588 -0.183892
v 0.181041 -0.215959 -0.181046
v 0.178242 -0.217655 -0.178246
v 0.177103 -0.221609 -0.177108
v 0.178242 -0.225563 -0.178246
v 0.181042 -0.227258 -0.181046
v 0.183888 -0.225630 -0.183892
v 0.226668 -0.221609 -0.130872
v 0.225216 -0.217588 -0.130033
v 0.221730 -0.215959 -0.128020
v 0.218300 -0.217655 -0.126040
v 0.216906 -0.221609 -0.125236
v 0.218300 -0.225563 -0.126040
v 0.221730 -0.227258 -0.128020
v 0.225216 -0.225630 -0.130033
v 0.252815 -0.221609 -0.067746
v 0.251195 -0.217588 -0.067312
v 0.247307 -0.215959 -0.066270
v 0.243482 -0.217655 -0.065246
v 0.241928 -0.221609 -0.064829
v 0.243482 -0.225563 -0.065246
v 0.247307 -0.227258 -0.066270
v 0.251195 -0.225630 -0.067312
v 0.261734 -0.221609 -0.000005
v 0.260057 -0.217588 -0.000005
v 0.256031 -0.215959 -0.000005
v 0.252072 -0.217655 -0.000005
v 0.250462 -0.221609 -0.000005
v 0.252071 -0.225563 -0.000005
v 0.256031 -0.227258 -0.000005
v 0.260057 -0.225630 -0.000005
v 0.252815 -0.221609 0.067737
v 0.251195 -0.217588 0.067303
v 0.247307 -0.215959 0.066261
v 0.243482 -0.217655 0.065236
v 0.241928 -0.221609 0.064820
v 0.243482 -0.225563 0.065236
v 0.247307 -0.227258 0.066261
v 0.251195 -0.225630 0.067303
v 0.226668 -0.221609 0.130862
v 0.225216 -0.217588 0.130024
v 0.221730 -0.215959 0.128011
v 0.218300 -0.217655 0.126031
v 0.216906 -0.221609 0.125226
v 0.218300 -0.225563 0.126031
v 0.221730 -0.227258 0.128011
v 0.225216 -0.225630 0.130024
v 0.185074 -0.221609 0.185069
v 0.183888 -0.217588 0.183883
v 0.181041 -0.215959 0.181037
v 0.178242 -0.217655 0.178237
v 0.177103 -0.221609 0.177099
v 0.178242 -0.225563 0.178237
v 0.181042 -0.227258 0.181037
v 0.183888 -0.225630 0.183883
v 0.130867 -0.221609 0.226664
v 0.130028 -0.217588 0.225211
v 0.128016 -0.215959 0.221725
v 0.126036 -0.217655 0.218296
v 0.125231 -0.221609 0.216902
v 0.126036 -0.225563 0.218296
v 0.128016 -0.227258 0.221725
v 0.130028 -0.225630 0.225211
v 0.067742 -0.221609 0.252811
v 0.067308 -0.217588 0.251191
v 0.066266 -0.215959 0.247303
v 0.065241 -0.217655 0.243478
v 0.064824 -0.221609 0.241923
v 0.065241 -0.225563 0.243478
v 0.066266 -0.227258 0.247303
v 0.067308 -0.225630 0.251191
v -0.000000 -0.221609 0.261729
v -0.000000 -0.217588 0.260052
v -0.000000 -0.215959 0.256027
v -0.000000 -0.217655 0.252067
v -0.000000 -0.221609 0.250457
v -0.000000 -0.225563 0.252067
v -0.000000 -0.227258 0.256027
v -0.000000 -0.225630 0.260052
v -0.067742 -0.221609 0.252811
v -0.067307 -0.217588 0.251191
v -0.066266 -0.215959 0.247303
v -0.065241 -0.217655 0.243478
v -0.064824 -0.221609 0.241923
v -0.065241 -0.225563 0.243478
v -0.066266 -0.227258 0.247303
v -0.067307 -0.225630 0.251191
v -0.130867 -0.221609 0.226664
v -0.130028 -0.217588 0.225211
v -0.128016 -0.215959 0.221725
v -0.126036 -0.217655 0.218296
v -0.125231 -0.221609 0.216902
v -0.126036 -0.225563 0.218296
v -0.128016 -0.227258 0.221725
v -0.130028 -0.225630 0.225211
v -0.185074 -0.221609 0.185069
v -0.183888 -0.217588 0.183883
v -0.181041 -0.215959 0.181037
v -0.178241 -0.217655 0.178237
v -0.177103 -0.221609 0.177099
v -0.178241 -0.225563 0.178237
v -0.181041 -0.227258 0.181037
v -0.183888 -0.225630 0.183883
v -0.226668 -0.221609 0.130862
v -0.225216 -0.217588 0.130024
v -0.221730 -0.215959 0.128011
v -0.218300 -0.217655 0.126031
v -0.216906 -0.221609 0.125226
v -0.218300 -0.225563 0.126031
v -0.221730 -0.227258 0.128011
v -0.225216 -0.225630 0.130024
v -0.252815 -0.221609 0.067737
v -0.251195 -0.217588 0.067303
v -0.247307 -0.215959 0.066261
v -0.243482 -0.217655 0.065236
v -0.241928 -0.221609 0.064820
v -0.243482 -0.225563 0.065236
v -0.247307 -0.227258 0.066261
v -0.251195 -0.225630 0.067303
vn -0.0000 0.9464 -0.3230
vn -0.3090 0.6677 -0.6773
vn -0.5000 0.8575 -0.1210
vn -0.5257 0.1896 -0.8293
vn -0.0000 0.2228 -0.9749
vn -0.0000 0.9749 0.2228
vn 0.5000 0.8575 -0.1210
vn 0.3090 0.6677 -0.6773
vn -0.3090 -0.3071 -0.9001
vn -0.8506 0.5125 0.1171
vn -0.8090 0.4127 -0.4186
vn -1.0000 -0.0000 -0.0000
vn -0.0000 0.7121 0.7021
vn -0.5000 0.7198 0.4815
vn -0.3090 0.3071 0.9001
vn 0.8506 0.5125 0.1171
vn 0.5000 0.7198 0.4815
vn 0.8090 0.1898 0.5563
vn 0.5257 0.1896 -0.8293
vn 0.8090 0.4127 -0.4186
vn 0.8090 -0.1898 -0.5563
vn -0.8090 -0.1898 -0.5563
vn -0.8090 0.1898 0.5563
vn 0.3090 0.3071 0.9001
vn 1.0000 -0.0000 -0.0000
vn 0.3090 -0.3071 -0.9001
vn -0.8506 -0.5125 -0.1171
vn -0.5000 -0.7198 -0.4815
vn -0.5000 -0.8575 0.1210
vn -0.5257 -0.1896 0.8293
vn -0.8090 -0.4127 0.4186
vn -0.3090 -0.6677 0.6773
vn 0.5257 -0.1896 0.8293
vn -0.0000 -0.2228 0.9749
vn 0.3090 -0.6677 0.6773
vn 0.8506 -0.5125 -0.1171
vn 0.8090 -0.4127 0.4186
vn 0.5000 -0.8575 0.1210
vn -0.0000 -0.7121 -0.7021
vn 0.5000 -0.7198 -0.4815
vn -0.0000 -0.9749 -0.2228
vn -0.0000 -0.9464 0.3230
vn 0.7071 -0.2284 -0.6692
vn -0.0000 -0.3230 -0.9464
vn -0.7071 -0.2284 -0.6692
vn -0.7071 0.2284 0.6692
vn -0.0000 0.3230 0.9464
vn 0.7071 0.2284 0.6692
vn -0.0000 0.9464 -0.3229
vn -0.0000 -0.7071 0.7071
vn -0.0000 -0.8660 0.5000
vn -0.0000 -0.5000 0.8660
vn -0.0000 0.5000 0.8660
vn -0.0000 0.7071 0.7071
vn -0.0000 0.7071 -0.7071
vn -0.0000 0.5000 -0.8660
vn -0.0000 -1.0000 -0.0000
vn -0.0000 -0.9659 0.2588
vn -0.0000 0.2588 0.9659
vn -0.0000 0.8660 -0.5000
vn -0.0000 -0.9659 -0.2588
vn -0.0000 -0.0000 1.0000
vn -0.0000 0.9659 -0.2588
vn -0.0000 -0.8660 -0.5000
vn -0.0000 -0.2588 0.9659
vn -0.0000 1.0000 -0.0000
vn -0.0000 -0.7071 -0.7071
vn -0.0000 0.9659 0.2588
vn -0.0000 -0.5000 -0.8660
vn -0.0000 0.8660 0.5000
vn -0.0000 -0.2588 -0.9659
vn -0.0000 0.2588 -0.9659
vn -0.0000 -0.0000 -1.0000
vn -0.8660 0.5000 -0.0000
vn -0.7071 0.7071 -0.0000
vn 0.7071 0.7071 -0.0000
vn 0.8660 0.5000 -0.0000
vn -0.2588 -0.9659 -0.0000
vn -0.9659 0.2588 -0.0000
vn 0.5000 0.8660 -0.0000
vn 0.2588 -0.9659 -0.0000
vn 0.2588 0.9659 -0.0000
vn 0.5000 -0.8660 -0.0000
vn -0.9659 -0.2588 -0.0000
vn 0.7071 -0.7071 -0.0000
vn -0.8660 -0.5000 -0.0000
vn -0.2588 0.9659 -0.0000
vn 0.8660 -0.5000 -0.0000
vn -0.7071 -0.7071 -0.0000
vn -0.5000 0.8660 -0.0000
vn 0.9659 -0.2588 -0.0000
vn 0.9659 0.2588 -0.0000
vn -0.5000 -0.8660 -0.0000
vn -0.9659 -0.0000 -0.2588
vn -0.7156 -0.6985 -0.0000
vn -0.6912 -0.6985 -0.1852
vn -0.0137 -0.9999 -0.0000
vn -0.0132 -0.9999 -0.0035
vn 0.7025 -0.7117 -0.0000
vn 0.6785 -0.7117 0.1818
vn 0.9659 -0.0000 0.2588
vn 0.7025 0.7117 -0.0000
vn -0.0132 0.9999 -0.0035
vn -0.0137 0.9999 -0.0000
vn -0.7156 0.6985 -0.0000
vn -0.6912 0.6985 -0.1852
vn -0.8660 -0.0000 -0.5000
vn -0.6197 -0.6985 -0.3578
vn -0.0118 -0.9999 -0.0068
vn 0.6084 -0.7117 0.3512
vn 0.6084 0.7117 0.3512
vn 0.6785 0.7117 0.1818
vn -0.0118 0.9999 -0.0068
vn -0.5060 -0.6985 -0.5060
vn 0.4967 -0.7117 0.4967
vn 0.8660 -0.0000 0.5000
vn 0.7071 -0.0000 0.7071
vn 0.4967 0.7117 0.4967
vn -0.0097 0.9999 -0.0097
vn -0.6197 0.6985 -0.3578
vn -0.5060 0.6985 -0.5060
vn -0.7071 -0.0000 -0.7071
vn -0.3578 -0.6985 -0.6197
vn -0.0097 -0.9999 -0.0097
vn -0.0068 -0.9999 -0.0118
vn 0.5000 -0.0000 0.8660
vn -0.0068 0.9999 -0.0118
vn -0.3578 0.6985 -0.6197
vn -0.2588 -0.0000 -0.9659
vn -0.5000 -0.0000 -0.8660
vn -0.0035 -0.9999 -0.0132
vn 0.3512 -0.7117 0.6084
vn 0.2588 -0.0000 0.9659
vn 0.3512 0.7117 0.6084
vn -0.0035 0.9999 -0.0132
vn -0.1852 0.6985 -0.6912
vn -0.1852 -0.6985 -0.6912
vn -0.0000 -0.6985 -0.7156
vn -0.0000 -0.9999 -0.0137
vn 0.1818 -0.7117 0.6785
vn 0.1818 0.7117 0.6785
vn -0.0000 0.7117 0.7025
vn -0.0000 0.6985 -0.7156
vn 0.2588 -0.0000 -0.9659
vn 0.0035 -0.9999 -0.0132
vn -0.0000 -0.7117 0.7025
vn -0.2588 -0.0000 0.9659
vn -0.1818 0.7117 0.6785
vn -0.0000 0.9999 -0.0137
vn 0.0035 0.9999 -0.0132
vn 0.1852 0.6985 -0.6912
vn 0.3578 -0.6985 -0.6197
vn 0.1852 -0.6985 -0.6912
vn 0.0068 -0.9999 -0.0118
vn -0.3512 -0.7117 0.6084
vn -0.1818 -0.7117 0.6785
vn -0.5000 -0.0000 0.8660
vn -0.3512 0.7117 0.6084
vn 0.0068 0.9999 -0.0118
vn 0.3578 0.6985 -0.6197
vn 0.7071 -0.0000 -0.7071
vn 0.5000 -0.0000 -0.8660
vn 0.5060 -0.6985 -0.5060
vn 0.0097 -0.9999 -0.0097
vn -0.4967 -0.7117 0.4967
vn -0.4967 0.7117 0.4967
vn 0.0097 0.9999 -0.0097
vn 0.6197 -0.6985 -0.3578
vn 0.0118 -0.9999 -0.0068
vn -0.8660 -0.0000 0.5000
vn -0.7071 -0.0000 0.7071
vn -0.6084 0.7117 0.3512
vn 0.6197 0.6985 -0.3578
vn 0.5060 0.6985 -0.5060
vn 0.8660 -0.0000 -0.5000
vn 0.6912 -0.6985 -0.1852
vn 0.0132 -0.9999 -0.0035
vn -0.6084 -0.7117 0.3512
vn -0.6785 -0.7117 0.1818
vn -0.9659 -0.0000 0.2588
vn 0.0132 0.9999 -0.0035
vn 0.0118 0.9999 -0.0068
vn 0.6912 0.6985 -0.1852
vn 0.9659 -0.0000 -0.2588
vn 0.7156 -0.6985 -0.0000
vn 0.0137 -0.9999 -0.0000
vn -0.6785 0.7117 0.1818
vn 0.0137 0.9999 -0.0000
vn 0.6912 -0.6985 0.1852
vn 0.0132 -0.9999 0.0035
vn -0.7025 -0.7117 -0.0000
vn -0.6785 -0.7117 -0.1818
vn -0.7025 0.7117 -0.0000
vn -0.6785 0.7117 -0.1818
vn 0.0132 0.9999 0.0035
vn 0.7156 0.6985 -0.0000
vn 0.6912 0.6985 0.1852
vn 0.6197 -0.6985 0.3578
vn 0.0118 -0.9999 0.0068
vn -0.6084 -0.7117 -0.3512
vn -0.6084 0.7117 -0.3512
vn 0.0118 0.9999 0.0068
vn 0.5060 -0.6985 0.5060
vn 0.0097 -0.9999 0.0097
vn -0.4967 -0.7117 -0.4967
vn -0.4967 0.7117 -0.4967
vn 0.0097 0.9999 0.0097
vn 0.6197 0.6985 0.3578
vn 0.3578 -0.6985 0.6197
vn 0.0068 -0.9999 0.0118
vn 0.0068 0.9999 0.0118
vn 0.5060 0.6985 0.5060
vn 0.3578 0.6985 0.6197
vn 0.1852 -0.6985 0.6912
vn 0.0035 -0.9999 0.0132
vn -0.3512 -0.7117 -0.6084
vn -0.1818 -0.7117 -0.6785
vn -0.3512 0.7117 -0.6084
vn -0.1818 0.7117 -0.6785
vn 0.0035 0.9999 0.0132
vn -0.0000 -0.6985 0.7156
vn -0.0000 -0.7117 -0.7025
vn -0.0000 0.7117 -0.7025
vn -0.0000 0.6985 0.7156
vn 0.1852 0.6985 0.6912
vn -0.1852 -0.6985 0.6912
vn -0.0000 -0.9999 0.0137
vn -0.0035 -0.9999 0.0132
vn 0.1818 0.7117 -0.6785
vn -0.0000 0.9999 0.0137
vn -0.0035 0.9999 0.0132
vn -0.1852 0.6985 0.6912
vn -0.0068 -0.9999 0.0118
vn 0.3512 -0.7117 -0.6084
vn 0.1818 -0.7117 -0.6785
vn 0.3512 0.7117 -0.6084
vn -0.0068 0.9999 0.0118
vn -0.3578 -0.6985 0.6197
vn -0.5060 -0.6985 0.5060
vn 0.4967 -0.7117 -0.4967
vn 0.4967 0.7117 -0.4967
vn -0.0097 0.9999 0.0097
vn -0.3578 0.6985 0.6197
vn -0.5060 0.6985 0.5060
vn -0.6197 -0.6985 0.3578
vn -0.0118 -0.9999 0.0068
vn -0.0097 -0.9999 0.0097
vn -0.0118 0.9999 0.0068
vn -0.6197 0.6985 0.3578
vn -0.6912 -0.6985 0.1852
vn -0.0132 -0.9999 0.0035
vn 0.6084 -0.7117 -0.3512
vn 0.6084 0.7117 -0.3512
vn -0.0132 0.9999 0.0035
vn -0.6912 0.6985 0.1852
vn 0.6785 -0.7117 -0.1818
vn 0.6785 0.7117 -0.1818
vn -0.6943 -0.6952 -0.1860
vn -0.7188 -0.6952 -0.0000
vn -0.0220 -0.9998 -0.0000
vn -0.0212 -0.9998 -0.0057
vn 0.6972 -0.7169 -0.0000
vn 0.6734 -0.7169 0.1804
vn 0.6972 0.7169 -0.0000
vn 0.6734 0.7169 0.1804
vn -0.0220 0.9998 -0.0000
vn -0.0212 0.9998 -0.0057
vn -0.7188 0.6952 -0.0000
vn -0.6943 0.6952 -0.1860
vn -0.6225 -0.6952 -0.3594
vn -0.0191 -0.9998 -0.0110
vn 0.6038 0.7169 0.3486
vn -0.6225 0.6952 -0.3594
vn -0.5083 -0.6952 -0.5083
vn 0.4930 -0.7169 0.4930
vn 0.6038 -0.7169 0.3486
vn 0.4930 0.7169 0.4930
vn -0.0190 0.9998 -0.0110
vn -0.0156 0.9998 -0.0156
vn -0.3594 -0.6952 -0.6225
vn -0.0156 -0.9998 -0.0156
vn 0.3486 -0.7169 0.6038
vn -0.0110 0.9998 -0.0191
vn -0.5083 0.6952 -0.5083
vn -0.0057 -0.9998 -0.0213
vn -0.0110 -0.9998 -0.0190
vn 0.1804 -0.7169 0.6734
vn 0.1804 0.7169 0.6734
vn 0.3486 0.7169 0.6038
vn -0.0057 0.9998 -0.0212
vn -0.3594 0.6952 -0.6225
vn -0.1860 -0.6952 -0.6943
vn -0.0000 -0.9998 -0.0220
vn -0.0000 -0.7169 0.6972
vn -0.0000 0.7169 0.6972
vn -0.0000 0.9998 -0.0220
vn -0.1860 0.6952 -0.6943
vn -0.0000 0.6952 -0.7188
vn -0.0000 -0.6952 -0.7188
vn 0.0057 -0.9998 -0.0212
vn -0.1804 -0.7169 0.6734
vn -0.1804 0.7169 0.6734
vn 0.1860 0.6952 -0.6943
vn 0.1860 -0.6952 -0.6943
vn 0.3594 -0.6952 -0.6225
vn 0.0110 -0.9998 -0.0191
vn -0.3486 -0.7169 0.6038
vn -0.3486 0.7169 0.6038
vn 0.0057 0.9998 -0.0212
vn 0.3594 0.6952 -0.6225
vn 0.0156 -0.9998 -0.0156
vn -0.4930 -0.7169 0.4930
vn -0.4930 0.7169 0.4930
vn 0.0110 0.9998 -0.0190
vn 0.0156 0.9998 -0.0156
vn 0.5083 0.6952 -0.5083
vn 0.6225 -0.6952 -0.3594
vn 0.5083 -0.6952 -0.5083
vn 0.0190 -0.9998 -0.0110
vn -0.6038 -0.7169 0.3486
vn -0.6038 0.7169 0.3486
vn 0.0190 0.9998 -0.0110
vn 0.6225 0.6952 -0.3594
vn 0.0212 -0.9998 -0.0057
vn -0.6734 -0.7169 0.1804
vn -0.6734 0.7169 0.1804
vn 0.0212 0.9998 -0.0057
vn 0.6943 -0.6952 -0.1860
vn 0.7188 -0.6952 -0.0000
vn 0.0220 -0.9998 -0.0000
vn -0.6972 -0.7169 -0.0000
vn -0.6972 0.7169 -0.0000
vn 0.0220 0.9998 -0.0000
vn 0.6943 0.6952 -0.1860
vn 0.7188 0.6952 -0.0000
vn 0.6943 -0.6952 0.1860
vn 0.0212 -0.9998 0.0057
vn -0.6734 -0.7169 -0.1804
vn 0.0212 0.9998 0.0057
vn 0.6943 0.6952 0.1860
vn 0.6225 -0.6952 0.3594
vn 0.0190 -0.9998 0.0110
vn -0.6038 -0.7169 -0.3486
vn -0.6038 0.7169 -0.3486
vn -0.6734 0.7169 -0.1804
vn 0.6225 0.6952 0.3594
vn 0.5083 -0.6952 0.5083
vn 0.0156 -0.9998 0.0156
vn -0.4930 -0.7169 -0.4930
vn -0.4930 0.7169 -0.4930
vn 0.0156 0.9998 0.0156
vn 0.0190 0.9998 0.0110
vn 0.3594 -0.6952 0.6225
vn 0.0110 -0.9998 0.0191
vn -0.3486 -0.7169 -0.6038
vn -0.3486 0.7169 -0.6038
vn 0.0110 0.9998 0.0190
vn 0.5083 0.6952 0.5083
vn 0.0057 -0.9998 0.0212
vn -0.1804 -0.7169 -0.6734
vn -0.1804 0.7169 -0.6734
vn 0.0057 0.9998 0.0212
vn 0.3594 0.6952 0.6225
vn 0.1860 -0.6952 0.6943
vn -0.0000 -0.6952 0.7188
vn -0.0000 -0.9998 0.0220
vn -0.0000 -0.7169 -0.6972
vn -0.0000 0.7169 -0.6972
vn -0.0000 0.9998 0.0220
vn 0.1860 0.6952 0.6943
vn -0.0000 0.6952 0.7188
vn -0.1860 -0.6952 0.6943
vn 0.1804 -0.7169 -0.6734
vn -0.0057 0.9998 0.0212
vn -0.1860 0.6952 0.6943
vn -0.3594 -0.6952 0.6225
vn -0.0057 -0.9998 0.0212
vn -0.0110 -0.9998 0.0190
vn 0.1804 0.7169 -0.6734
vn -0.0110 0.9998 0.0190
vn -0.3594 0.6952 0.6225
vn -0.0156 -0.9998 0.0156
vn 0.3486 -0.7169 -0.6038
vn 0.3486 0.7169 -0.6038
vn 0.4930 0.7169 -0.4930
vn -0.0156 0.9998 0.0156
vn -0.5083 0.6952 0.5083
vn -0.5083 -0.6952 0.5083
vn -0.6225 -0.6952 0.3594
vn -0.0190 -0.9998 0.0110
vn 0.4930 -0.7169 -0.4930
vn -0.0190 0.9998 0.0110
vn -0.6943 -0.6952 0.1860
vn -0.0212 -0.9998 0.0057
vn 0.6038 -0.7169 -0.3486
vn 0.6734 -0.7169 -0.1804
vn 0.6038 0.7169 -0.3486
vn 0.6734 0.7169 -0.1804
vn -0.0212 0.9998 0.0057
vn -0.6225 0.6952 0.3594
vn -0.6943 0.6952 0.1860
vn -0.0190 -0.9998 -0.0110
vn -0.0155 0.9998 -0.0155
vn -0.0110 0.9998 -0.0190
vn -0.0057 -0.9998 -0.0212
vn 0.0110 0.9998 -0.0191
vn 0.0110 -0.9998 -0.0190
vn 0.0213 -0.9998 -0.0057
vn 0.0213 0.9998 0.0057
vn 0.0191 -0.9998 0.0110
vn 0.0110 -0.9998 0.0190
vn -0.0156 -0.9998 0.0155
vn -0.0191 0.9998 0.0110
vn -0.0213 -0.9998 0.0057
vn -0.0000 -0.9464 0.3229
vt 0.860426 0.086827
vt 0.842243 0.134428
vt 0.807370 0.086378
vt 0.524987 0.932363
vt 0.506368 0.961164
vt 0.479623 0.911752
vt 0.842242 0.037242
vt 0.898667 0.054927
vt 0.898667 0.114990
vt 0.520659 0.880706
vt 0.759022 0.586414
vt 0.715744 0.586188
vt 0.723768 0.549914
vt 0.264617 0.933562
vt 0.246587 0.960315
vt 0.219516 0.912029
vt 0.353338 0.882198
vt 0.312241 0.912663
vt 0.312241 0.852388
vt 0.716344 0.890373
vt 0.663148 0.890809
vt 0.696519 0.840936
vt 0.572766 0.910931
vt 0.782725 0.548361
vt 0.260092 0.882579
vt 0.356042 0.832988
vt 0.750517 0.857046
vt 0.613638 0.881257
vt 0.572766 0.850666
vt 0.616041 0.833108
vt 0.802550 0.498924
vt 0.749354 0.498489
vt 0.782726 0.451556
vt 0.264617 0.831016
vt 0.219516 0.851753
vt 0.246586 0.802512
vt 0.702247 0.367962
vt 0.723407 0.319028
vt 0.744634 0.365178
vt 0.761575 0.451556
vt 0.723406 0.416214
vt 0.779505 0.414314
vt 0.797690 0.364729
vt 0.779506 0.317128
vt 0.761577 0.286213
vt 0.835931 0.336566
vt 0.814704 0.290415
vt 0.836723 0.472422
vt 0.835931 0.396630
vt 0.723770 0.453109
vt 0.702247 0.501566
vt 0.814703 0.447666
vt 0.524988 0.829835
vt 0.563934 0.802883
vt 0.479623 0.851487
vt 0.506369 0.803390
vt 0.724932 0.805621
vt 0.672816 0.802883
vt 0.637562 0.839383
vt 0.629538 0.803109
vt 0.303893 0.802903
vt 0.836723 0.532251
vt 0.616041 0.887731
vt 0.811138 0.583676
vt 0.616041 0.930618
vt 0.563933 0.960657
vt 0.750517 0.916875
vt 0.696520 0.937741
vt 0.637564 0.936188
vt 0.356042 0.930515
vt 0.877440 0.003890
vt 0.303894 0.960706
vt 0.786142 0.035342
vt 0.824312 -0.000000
vt 0.764984 0.083595
vt 0.877440 0.161141
vt 0.786143 0.132528
vt 0.824313 0.165343
vt 0.990122 0.588529
vt 0.994565 0.892185
vt 0.990122 0.892458
vt 0.994565 0.588256
vt 0.998183 0.893266
vt 0.981980 0.588472
vt 0.986389 0.918139
vt 0.981980 0.918024
vt 0.986389 0.588587
vt 0.990122 0.917808
vt 0.991939 0.526192
vt 0.996382 0.222535
vt 0.996382 0.526464
vt 1.000000 0.221455
vt 1.000000 0.525384
vt 0.563916 0.225567
vt 0.567039 0.233260
vt 0.559498 0.236328
vt 0.983784 0.221587
vt 0.988185 0.550384
vt 0.983784 0.550516
vt 0.991939 0.221814
vt 0.991939 0.550744
vt 0.559498 0.225507
vt 0.556375 0.217898
vt 0.563916 0.214627
vt 0.823424 0.962148
vt 0.827672 0.931594
vt 0.829533 0.962210
vt 0.826384 0.987769
vt 0.832493 0.987831
vt 0.927237 0.109917
vt 0.938089 0.148563
vt 0.932966 0.148883
vt 0.451277 0.955580
vt 0.453953 0.985241
vt 0.447843 0.985303
vt 0.995616 0.143811
vt 0.990243 0.104133
vt 0.996352 0.104195
vt 0.927237 0.070397
vt 0.932359 0.109597
vt 0.453436 0.920062
vt 0.457386 0.955518
vt 0.993457 0.181452
vt 0.989507 0.143749
vt 0.932966 0.033015
vt 0.932359 0.070077
vt 0.454172 0.881170
vt 0.459545 0.920000
vt 0.990024 0.214551
vt 0.987348 0.181390
vt 0.949158 -0.000000
vt 0.938089 0.032695
vt 0.453436 0.841553
vt 0.460281 0.881108
vt 0.942443 0.257301
vt 0.948230 0.221455
vt 0.953380 0.221724
vt 0.243653 0.457619
vt 0.239812 0.417891
vt 0.243653 0.417928
vt 0.451277 0.803913
vt 0.459545 0.841492
vt 0.936781 0.296199
vt 0.937293 0.257032
vt 0.993457 0.029785
vt 0.983914 -0.000000
vt 0.990024 0.000062
vt 0.447843 0.770814
vt 0.457386 0.803851
vt 0.936781 0.335767
vt 0.931631 0.295930
vt 0.953380 0.406262
vt 0.937293 0.373038
vt 0.942443 0.373307
vt 0.995616 0.065303
vt 0.987348 0.029723
vt 0.949158 0.184319
vt 0.944035 0.184639
vt 0.931631 0.335497
vt 0.000000 0.416516
vt 0.003842 0.456170
vt 0.000000 0.456207
vt 0.989507 0.065241
vt 0.919589 0.588272
vt 0.930911 0.616697
vt 0.924849 0.616713
vt 0.909065 0.221911
vt 0.925645 0.257598
vt 0.920629 0.258054
vt 0.477428 0.687890
vt 0.469441 0.649676
vt 0.475503 0.649692
vt 0.447582 0.618754
vt 0.428125 0.587885
vt 0.433161 0.587885
vt 0.919589 0.829502
vt 0.930911 0.801799
vt 0.925652 0.829486
vt 0.471366 0.727563
vt 0.471366 0.687874
vt 0.456894 0.655029
vt 0.442546 0.618754
vt 0.928568 0.767711
vt 0.924849 0.801815
vt 0.475503 0.766052
vt 0.477428 0.727578
vt 0.460462 0.694238
vt 0.451858 0.655029
vt 0.930493 0.729513
vt 0.934630 0.767695
vt 0.471784 0.800690
vt 0.469441 0.766037
vt 0.458043 0.733709
vt 0.455426 0.694238
vt 0.930493 0.689824
vt 0.936556 0.729497
vt 0.460462 0.829115
vt 0.465722 0.800674
vt 0.449802 0.770752
vt 0.453007 0.733709
vt 0.928568 0.651351
vt 0.936556 0.689809
vt 0.920629 0.373484
vt 0.914081 0.405077
vt 0.909065 0.405534
vt 0.926615 0.336515
vt 0.931631 0.296687
vt 0.931631 0.336058
vt 0.466525 0.587901
vt 0.465722 0.615572
vt 0.460462 0.587885
vt 0.934630 0.651335
vt 0.925645 0.373028
vt 0.926615 0.297144
vt 0.471784 0.615588
vt 0.456408 0.486620
vt 0.479623 0.456170
vt 0.471583 0.494558
vt 0.463339 0.419318
vt 0.463339 0.453531
vt 0.456408 0.386314
vt 0.479623 0.416479
vt 0.443019 0.356767
vt 0.471583 0.378190
vt 0.424084 0.332691
vt 0.456050 0.343912
vt 0.400893 0.315727
vt 0.434083 0.315982
vt 0.375027 0.307031
vt 0.407179 0.296301
vt 0.348249 0.307195
vt 0.377171 0.286213
vt 0.316098 0.296861
vt 0.346105 0.286404
vt 0.299192 0.333458
vt 0.322383 0.316209
vt 0.280257 0.357766
vt 0.289194 0.316871
vt 0.251694 0.379540
vt 0.267227 0.345072
vt 0.259937 0.420567
vt 0.266868 0.387477
vt 0.259937 0.454780
vt 0.266868 0.487784
vt 0.280257 0.517331
vt 0.251694 0.495908
vt 0.299192 0.541407
vt 0.267227 0.530186
vt 0.322383 0.558371
vt 0.289194 0.558116
vt 0.348249 0.567067
vt 0.316098 0.577797
vt 0.375027 0.566903
vt 0.346105 0.587885
vt 0.407179 0.577237
vt 0.377171 0.587694
vt 0.424084 0.540640
vt 0.400893 0.557889
vt 0.456050 0.529026
vt 0.434083 0.557227
vt 0.443019 0.516332
vt 0.027056 0.486620
vt 0.020126 0.453531
vt 0.020126 0.419318
vt 0.003842 0.416479
vt 0.011882 0.378190
vt 0.027056 0.386314
vt 0.040446 0.356767
vt 0.027415 0.343912
vt 0.049382 0.315982
vt 0.059381 0.332691
vt 0.082571 0.315727
vt 0.076286 0.296301
vt 0.106294 0.286213
vt 0.108437 0.307031
vt 0.135216 0.307195
vt 0.137360 0.286404
vt 0.167367 0.296861
vt 0.161082 0.316209
vt 0.194271 0.316871
vt 0.184272 0.333458
vt 0.203208 0.357766
vt 0.216238 0.345072
vt 0.231771 0.379540
vt 0.216597 0.387477
vt 0.223528 0.420567
vt 0.239812 0.417928
vt 0.223528 0.454780
vt 0.239812 0.457619
vt 0.216597 0.487784
vt 0.231771 0.495908
vt 0.203208 0.517331
vt 0.216238 0.530186
vt 0.184272 0.541407
vt 0.194271 0.558116
vt 0.167367 0.577797
vt 0.161082 0.558371
vt 0.137360 0.587885
vt 0.135216 0.567067
vt 0.108437 0.566903
vt 0.106294 0.587694
vt 0.076286 0.577237
vt 0.082571 0.557889
vt 0.049382 0.557227
vt 0.059381 0.540640
vt 0.027415 0.529026
vt 0.040446 0.516332
vt 0.011882 0.494558
vt 0.667713 0.515323
vt 0.694661 0.493142
vt 0.680007 0.527826
vt 0.686884 0.452245
vt 0.680345 0.485426
vt 0.702247 0.414968
vt 0.702247 0.454648
vt 0.680345 0.385145
vt 0.686884 0.418041
vt 0.680007 0.342759
vt 0.694661 0.376804
vt 0.649849 0.332002
vt 0.667713 0.355799
vt 0.627970 0.315377
vt 0.659282 0.315153
vt 0.603567 0.307056
vt 0.633900 0.295866
vt 0.578303 0.307607
vt 0.605590 0.286213
vt 0.553900 0.316992
vt 0.576281 0.286852
vt 0.532021 0.334571
vt 0.547970 0.297739
vt 0.501863 0.346643
vt 0.522588 0.318133
vt 0.501525 0.389043
vt 0.514157 0.359146
vt 0.494986 0.422224
vt 0.487209 0.381327
vt 0.494986 0.456428
vt 0.479623 0.419821
vt 0.501525 0.489324
vt 0.479623 0.459502
vt 0.501863 0.531710
vt 0.487209 0.497665
vt 0.514157 0.518670
vt 0.522588 0.559316
vt 0.553900 0.559092
vt 0.532021 0.542467
vt 0.578303 0.567413
vt 0.547970 0.578603
vt 0.605590 0.587617
vt 0.576281 0.588256
vt 0.627970 0.557477
vt 0.603567 0.566862
vt 0.659282 0.556336
vt 0.633900 0.576730
vt 0.649849 0.539898
vt 0.034052 0.817274
vt 0.007480 0.795201
vt 0.021596 0.787426
vt 0.015149 0.754268
vt 0.000000 0.756735
vt 0.000000 0.717050
vt 0.015149 0.720060
vt 0.021596 0.687134
vt 0.007480 0.678852
vt 0.021930 0.644743
vt 0.034052 0.657733
vt 0.051666 0.633861
vt 0.042365 0.617048
vt 0.067393 0.597655
vt 0.073240 0.617144
vt 0.097302 0.608722
vt 0.095308 0.587885
vt 0.122214 0.609170
vt 0.124208 0.588404
vt 0.146276 0.618455
vt 0.152123 0.599176
vt 0.167849 0.635946
vt 0.177151 0.619467
vt 0.197586 0.647895
vt 0.185464 0.660450
vt 0.197920 0.690298
vt 0.212036 0.682523
vt 0.219516 0.720989
vt 0.204367 0.723456
vt 0.204367 0.757664
vt 0.219516 0.760674
vt 0.197920 0.790590
vt 0.212036 0.798872
vt 0.197586 0.832981
vt 0.185464 0.819991
vt 0.177151 0.860676
vt 0.167849 0.843863
vt 0.146276 0.860580
vt 0.152123 0.880069
vt 0.122213 0.869002
vt 0.124208 0.889839
vt 0.095308 0.889321
vt 0.097302 0.868555
vt 0.073240 0.859269
vt 0.067393 0.878548
vt 0.042365 0.858257
vt 0.051666 0.841778
vt 0.021930 0.829829
vt 0.821563 0.931533
vt 0.827038 0.898070
vt 0.820928 0.898008
vt 0.827672 0.863922
vt 0.821563 0.863860
vt 0.829533 0.831476
vt 0.823424 0.831414
vt 0.832493 0.802945
vt 0.408667 0.961581
vt 0.423244 0.931183
vt 0.413817 0.961850
vt 0.418094 0.930914
vt 0.428125 0.897654
vt 0.422975 0.897385
vt 0.428125 0.863547
vt 0.422975 0.863278
vt 0.423244 0.831188
vt 0.418094 0.830919
vt 0.413817 0.802781
vt 0.219686 0.454817
vt 0.219686 0.420604
vt 0.407353 0.802512
vt 0.398284 0.828194
vt 0.401244 0.802574
vt 0.402533 0.858748
vt 0.396423 0.858810
vt 0.395789 0.892335
vt 0.401898 0.892273
vt 0.396423 0.926483
vt 0.402533 0.926421
vt 0.398284 0.958928
vt 0.404393 0.958867
vt 0.401244 0.987460
vt 0.381309 0.802512
vt 0.385727 0.833652
vt 0.376186 0.802832
vt 0.390850 0.833333
vt 0.390666 0.867240
vt 0.395789 0.866921
vt 0.390666 0.901306
vt 0.395789 0.900986
vt 0.385727 0.933528
vt 0.390850 0.933209
vt 0.376186 0.961711
vt 0.459498 0.453494
vt 0.918048 0.157628
vt 0.920115 0.125698
vt 0.925151 0.125698
vt 0.973188 0.405525
vt 0.983784 0.429406
vt 0.977722 0.429391
vt 0.976045 0.376143
vt 0.979251 0.405541
vt 0.968323 0.343202
vt 0.969982 0.376128
vt 0.968323 0.308991
vt 0.974386 0.343217
vt 0.969982 0.275827
vt 0.974385 0.309007
vt 0.973188 0.245970
vt 0.976045 0.275843
vt 0.977722 0.221455
vt 0.979251 0.245986
vt 0.366218 0.830138
vt 0.371170 0.802968
vt 0.376186 0.802512
vt 0.361058 0.862005
vt 0.361202 0.830594
vt 0.361058 0.895942
vt 0.356042 0.862462
vt 0.366218 0.929636
vt 0.356042 0.896399
vt 0.376186 0.960791
vt 0.361202 0.930093
vt 0.979381 0.023866
vt 0.977852 0.000016
vt 0.983914 0.000000
vt 0.976175 0.053263
vt 0.973318 0.023881
vt 0.974516 0.086189
vt 0.970113 0.053279
vt 0.974516 0.120400
vt 0.968453 0.086205
vt 0.970113 0.153579
vt 0.968453 0.120415
vt 0.979381 0.183420
vt 0.976175 0.153563
vt 0.983914 0.207936
vt 0.973318 0.183436
vt 0.916134 0.026609
vt 0.898667 0.000000
vt 0.903704 -0.000000
vt 0.919124 0.057877
vt 0.911098 0.026609
vt 0.927237 0.091675
vt 0.924161 0.057877
vt 0.922200 0.091675
vt 0.873267 0.247888
vt 0.861124 0.221994
vt 0.862787 0.221455
vt 0.250396 0.055198
vt 0.223687 0.029860
vt 0.224499 0.028565
vt 0.249291 0.056192
vt 0.222588 0.031113
vt 0.981980 0.812145
vt 0.974713 0.785226
vt 0.976132 0.785606
vt 0.898638 0.247829
vt 0.907462 0.221455
vt 0.909065 0.221958
vt 0.333764 0.031113
vt 0.307387 0.056190
vt 0.332992 0.029858
vt 0.331876 0.028565
vt 0.938049 0.817797
vt 0.942941 0.791130
vt 0.944404 0.790740
vt 0.880677 0.280435
vt 0.871555 0.248303
vt 0.268708 0.087822
vt 0.267397 0.088447
vt 0.247909 0.057154
vt 0.892476 0.279301
vt 0.899882 0.247440
vt 0.889581 0.279304
vt 0.896988 0.247443
vt 0.290538 0.089052
vt 0.308443 0.057154
vt 0.289282 0.088445
vt 0.305978 0.055198
vt 0.874554 0.248320
vt 0.882748 0.316966
vt 0.878930 0.280696
vt 0.278187 0.124213
vt 0.275082 0.124633
vt 0.265814 0.089052
vt 0.888642 0.314864
vt 0.891264 0.279547
vt 0.887448 0.314950
vt 0.281270 0.124633
vt 0.279910 0.124425
vt 0.287666 0.087822
vt 0.885747 0.316983
vt 0.881929 0.280713
vt 0.884513 0.316877
vt 0.882748 0.354641
vt 0.278187 0.161892
vt 0.276769 0.124427
vt 0.276769 0.161681
vt 0.887448 0.351624
vt 0.885747 0.314867
vt 0.279910 0.161679
vt 0.278187 0.161892
vt 0.278187 0.124213
vt 0.885747 0.354659
vt 0.880677 0.391417
vt 0.884513 0.354731
vt 0.267397 0.197668
vt 0.275082 0.161474
vt 0.888642 0.351704
vt 0.891264 0.387072
vt 0.885747 0.351707
vt 0.281270 0.161474
vt 0.289282 0.197666
vt 0.881929 0.391172
vt 0.873267 0.424436
vt 0.878930 0.391155
vt 0.250396 0.230928
vt 0.268708 0.198290
vt 0.249291 0.229938
vt 0.265814 0.197063
vt 0.892476 0.387312
vt 0.898638 0.418877
vt 0.889581 0.387315
vt 0.308443 0.228975
vt 0.290538 0.197063
vt 0.305978 0.230928
vt 0.287666 0.198290
vt 0.862787 0.451536
vt 0.871555 0.424017
vt 0.223687 0.256290
vt 0.247909 0.228975
vt 0.966699 0.445343
vt 0.962165 0.419391
vt 0.968323 0.444829
vt 0.909065 0.444871
vt 0.896988 0.419264
vt 0.333764 0.255035
vt 0.307387 0.229936
vt 0.332992 0.256288
vt 0.957761 0.791565
vt 0.953482 0.818315
vt 0.951796 0.817784
vt 0.959475 0.791972
vt 0.965049 0.759200
vt 0.960932 0.791529
vt 0.224499 0.257581
vt 0.192327 0.274928
vt 0.191576 0.273467
vt 0.222588 0.255035
vt 0.956052 0.388240
vt 0.960513 0.419790
vt 0.957723 0.387982
vt 0.963589 0.419783
vt 0.364776 0.273467
vt 0.364351 0.274926
vt 0.331876 0.257581
vt 0.961878 0.759237
vt 0.965609 0.723084
vt 0.963612 0.759490
vt 0.157406 0.286199
vt 0.192782 0.276433
vt 0.157351 0.284584
vt 0.953619 0.352841
vt 0.956694 0.352834
vt 0.959127 0.388233
vt 0.399365 0.283016
vt 0.399328 0.284582
vt 0.363593 0.276433
vt 0.966761 0.685294
vt 0.967037 0.722965
vt 0.120782 0.286213
vt 0.121140 0.284598
vt 0.156987 0.283016
vt 0.955064 0.316075
vt 0.955301 0.352743
vt 0.435174 0.283030
vt 0.435593 0.286213
vt 0.398969 0.286199
vt 0.963590 0.685330
vt 0.963866 0.723002
vt 0.965332 0.685233
vt 0.964240 0.648752
vt 0.085406 0.276475
vt 0.086163 0.274970
vt 0.121178 0.283029
vt 0.955351 0.280248
vt 0.953380 0.316007
vt 0.957026 0.280476
vt 0.956456 0.316000
vt 0.470515 0.274967
vt 0.435538 0.284596
vt 0.470969 0.276475
vt 0.961069 0.648789
vt 0.958182 0.615442
vt 0.962799 0.648519
vt 0.053688 0.257647
vt 0.054804 0.256355
vt 0.086588 0.273508
vt 0.961056 0.248374
vt 0.958427 0.280241
vt 0.469764 0.273508
vt 0.501874 0.256353
vt 0.951796 0.588256
vt 0.959645 0.615831
vt 0.027791 0.231015
vt 0.029200 0.230023
vt 0.055576 0.255100
vt 0.907785 0.786434
vt 0.919589 0.811658
vt 0.917984 0.812158
vt 0.966878 0.221955
vt 0.962475 0.247993
vt 0.526096 0.229059
vt 0.500775 0.255100
vt 0.527479 0.230021
vt 0.502687 0.257647
vt 0.846643 0.424434
vt 0.837590 0.451556
vt 0.835930 0.451014
vt 0.855965 0.392110
vt 0.849628 0.424431
vt 0.848354 0.424850
vt 0.009479 0.198391
vt 0.011094 0.197768
vt 0.030255 0.229059
vt 0.900574 0.754762
vt 0.909437 0.786050
vt 0.902258 0.754520
vt 0.910694 0.786451
vt 0.544001 0.197161
vt 0.545584 0.197766
vt 0.528584 0.231015
vt 0.859905 0.355566
vt 0.857203 0.391845
vt 0.000000 0.162000
vt 0.001722 0.161787
vt 0.012351 0.197161
vt 0.896841 0.719298
vt 0.898541 0.719216
vt 0.903482 0.754779
vt 0.553269 0.161580
vt 0.554956 0.161785
vt 0.546896 0.198391
vt 0.854218 0.391848
vt 0.861124 0.317794
vt 0.861124 0.355473
vt 0.001722 0.124534
vt 0.003083 0.161579
vt 0.898541 0.682544
vt 0.899750 0.719315
vt 0.554956 0.124532
vt 0.556375 0.162000
vt 0.858140 0.317798
vt 0.858140 0.355477
vt 0.859905 0.317708
vt 0.857203 0.281377
vt 0.009479 0.087922
vt 0.000000 0.124321
vt 0.011094 0.088547
vt 0.003082 0.124739
vt 0.900573 0.646760
vt 0.896841 0.682461
vt 0.902258 0.647004
vt 0.899750 0.682478
vt 0.544001 0.089150
vt 0.553269 0.124739
vt 0.545584 0.088545
vt 0.556375 0.124321
vt 0.855965 0.281118
vt 0.849628 0.248701
vt 0.027791 0.055284
vt 0.030255 0.057238
vt 0.012351 0.089150
vt 0.909437 0.615017
vt 0.910694 0.614645
vt 0.903482 0.646777
vt 0.526096 0.057238
vt 0.528584 0.055284
vt 0.546896 0.087922
vt 0.854218 0.281380
vt 0.848354 0.248287
vt 0.938241 0.588256
vt 0.942521 0.615006
vt 0.936556 0.588787
vt 0.053688 0.028632
vt 0.029200 0.056277
vt 0.054804 0.029925
vt 0.907785 0.614629
vt 0.919589 0.588764
vt 0.981980 0.588771
vt 0.974171 0.613809
vt 0.980356 0.588256
vt 0.500775 0.031178
vt 0.527479 0.056275
vt 0.501874 0.029923
vt 0.835930 0.221998
vt 0.846643 0.248705
vt 0.948371 0.647081
vt 0.944235 0.614600
vt 0.086164 0.011286
vt 0.086588 0.012746
vt 0.055576 0.031178
vt 0.972785 0.645367
vt 0.975822 0.614208
vt 0.977246 0.613816
vt 0.969709 0.645360
vt 0.469764 0.012746
vt 0.470515 0.011284
vt 0.502687 0.028632
vt 0.945692 0.615043
vt 0.950369 0.683488
vt 0.946637 0.647335
vt 0.120782 0.000014
vt 0.085406 0.009780
vt 0.121177 0.003197
vt 0.970352 0.680765
vt 0.971381 0.645617
vt 0.968959 0.680856
vt 0.435174 0.003197
vt 0.435538 0.001629
vt 0.470969 0.009780
vt 0.951796 0.683606
vt 0.949808 0.647371
vt 0.948349 0.721241
vt 0.948626 0.683569
vt 0.157351 0.001617
vt 0.121140 0.001631
vt 0.968721 0.717525
vt 0.967276 0.680758
vt 0.399328 0.001615
vt 0.398969 0.000000
vt 0.435593 0.000014
vt 0.951520 0.721278
vt 0.950091 0.721338
vt 0.945828 0.757783
vt 0.192782 0.009738
vt 0.157406 -0.000000
vt 0.192327 0.011245
vt 0.156987 0.003183
vt 0.970113 0.717599
vt 0.970684 0.753123
vt 0.967037 0.717592
vt 0.399365 0.003183
vt 0.364351 0.011243
vt 0.948999 0.757819
vt 0.947558 0.758053
vt 0.191576 0.012705
vt 0.972085 0.753359
vt 0.973057 0.785599
vt 0.969009 0.753352
vt 0.364776 0.012705
vt 0.363593 0.009738
vt 0.933337 0.406262
vt 0.939453 0.426541
vt 0.931631 0.406813
vt 0.744144 0.041392
vt 0.723892 0.022751
vt 0.724724 0.021421
vt 0.743011 0.042414
vt 0.722751 0.024058
vt 0.967037 0.984760
vt 0.961267 0.964615
vt 0.962741 0.965020
vt 0.760594 0.822610
vt 0.766660 0.802883
vt 0.768331 0.803414
vt 0.503020 0.631673
vt 0.521034 0.611005
vt 0.521843 0.612314
vt 0.501914 0.630668
vt 0.519883 0.609677
vt 0.846144 0.975166
vt 0.849460 0.955283
vt 0.850964 0.954890
vt 0.941209 0.426118
vt 0.944984 0.450832
vt 0.756530 0.066499
vt 0.741574 0.043416
vt 0.761887 0.822200
vt 0.755123 0.846144
vt 0.758873 0.822203
vt 0.489709 0.655386
vt 0.486731 0.654113
vt 0.500463 0.629649
vt 0.948063 0.450850
vt 0.942533 0.426559
vt 0.946776 0.450566
vt 0.947847 0.478031
vt 0.764984 0.093146
vt 0.757876 0.065856
vt 0.761775 0.093581
vt 0.754885 0.067129
vt 0.756381 0.845885
vt 0.752291 0.872413
vt 0.750517 0.872325
vt 0.753367 0.845888
vt 0.482819 0.681837
vt 0.488395 0.654753
vt 0.481397 0.681620
vt 0.949657 0.477940
vt 0.949657 0.506374
vt 0.764984 0.121400
vt 0.763528 0.093366
vt 0.761775 0.120968
vt 0.753531 0.872322
vt 0.752291 0.899625
vt 0.481397 0.709438
vt 0.479623 0.681402
vt 0.950926 0.478048
vt 0.946776 0.533931
vt 0.947847 0.506283
vt 0.756530 0.148056
vt 0.763528 0.121183
vt 0.754885 0.147424
vt 0.756381 0.926180
vt 0.753531 0.899709
vt 0.753367 0.926183
vt 0.750517 0.899713
vt 0.489709 0.735681
vt 0.482819 0.709224
vt 0.488395 0.736310
vt 0.479623 0.709657
vt 0.950926 0.506301
vt 0.941209 0.558734
vt 0.944984 0.533664
vt 0.757876 0.148695
vt 0.743011 0.172151
vt 0.741574 0.171148
vt 0.761887 0.949930
vt 0.755123 0.925927
vt 0.760594 0.949526
vt 0.503019 0.759404
vt 0.501914 0.760406
vt 0.486731 0.736951
vt 0.942533 0.558324
vt 0.948063 0.533681
vt 0.933337 0.579090
vt 0.939453 0.558307
vt 0.744144 0.173170
vt 0.723892 0.191829
vt 0.862227 0.950344
vt 0.868566 0.968781
vt 0.866875 0.969328
vt 0.768331 0.968813
vt 0.758873 0.949934
vt 0.521843 0.778777
vt 0.519883 0.781413
vt 0.500463 0.761426
vt 0.889145 0.955480
vt 0.886457 0.975690
vt 0.884725 0.975153
vt 0.893947 0.931483
vt 0.892401 0.955434
vt 0.890905 0.955890
vt 0.700939 0.207293
vt 0.724724 0.193156
vt 0.700475 0.205747
vt 0.722751 0.190521
vt 0.858850 0.926898
vt 0.863948 0.949918
vt 0.862052 0.926883
vt 0.865430 0.950329
vt 0.544897 0.792480
vt 0.521034 0.780083
vt 0.543667 0.795549
vt 0.892167 0.931229
vt 0.895374 0.904132
vt 0.895423 0.931183
vt 0.674358 0.212956
vt 0.699697 0.204223
vt 0.856973 0.900588
vt 0.860592 0.926622
vt 0.858726 0.900479
vt 0.570611 0.799578
vt 0.544450 0.794001
vt 0.570567 0.801211
vt 0.893585 0.904054
vt 0.896557 0.875758
vt 0.896841 0.904007
vt 0.674411 0.214616
vt 0.647319 0.212967
vt 0.673983 0.211321
vt 0.856724 0.873206
vt 0.859926 0.873190
vt 0.860175 0.900572
vt 0.597231 0.799588
vt 0.597606 0.801221
vt 0.570196 0.802872
vt 0.893301 0.875805
vt 0.893111 0.848127
vt 0.895089 0.875701
vt 0.646947 0.214627
vt 0.621202 0.205777
vt 0.647363 0.211332
vt 0.858121 0.846619
vt 0.858479 0.873273
vt 0.861323 0.846603
vt 0.622945 0.792510
vt 0.623724 0.794032
vt 0.597659 0.802883
vt 0.889576 0.823291
vt 0.894593 0.848361
vt 0.596635 0.193206
vt 0.620419 0.207324
vt 0.597786 0.191878
vt 0.621649 0.204253
vt 0.861067 0.822638
vt 0.859867 0.846855
vt 0.862795 0.823028
vt 0.645999 0.778825
vt 0.647140 0.780132
vt 0.624187 0.795581
vt 0.887825 0.823730
vt 0.891337 0.848408
vt 0.884725 0.802883
vt 0.891081 0.823684
vt 0.577215 0.173235
vt 0.578666 0.172215
vt 0.598595 0.190569
vt 0.811673 0.950208
vt 0.820928 0.968803
vt 0.819254 0.969331
vt 0.867064 0.803414
vt 0.864270 0.822623
vt 0.666259 0.760469
vt 0.647972 0.781462
vt 0.917098 0.557892
vt 0.910768 0.578377
vt 0.909065 0.577824
vt 0.918853 0.558316
vt 0.925843 0.533453
vt 0.920163 0.557888
vt 0.565147 0.148130
vt 0.579771 0.171210
vt 0.806312 0.926663
vt 0.813395 0.949802
vt 0.809340 0.926680
vt 0.814701 0.950225
vt 0.678133 0.735754
vt 0.664822 0.759467
vt 0.681124 0.737027
vt 0.667392 0.761491
vt 0.922779 0.533456
vt 0.927530 0.506272
vt 0.924570 0.533723
vt 0.556375 0.121481
vt 0.563483 0.148770
vt 0.558149 0.121263
vt 0.566461 0.147498
vt 0.803536 0.900299
vt 0.808068 0.926407
vt 0.806565 0.900317
vt 0.686777 0.709517
vt 0.679778 0.736384
vt 0.927530 0.477836
vt 0.928784 0.506178
vt 0.556375 0.093226
vt 0.558149 0.093446
vt 0.559571 0.121046
vt 0.803536 0.872915
vt 0.805311 0.900212
vt 0.806565 0.872932
vt 0.685023 0.681915
vt 0.685023 0.709303
vt 0.686777 0.681700
vt 0.688232 0.709738
vt 0.925719 0.506181
vt 0.924570 0.450350
vt 0.928784 0.477923
vt 0.565147 0.066573
vt 0.559571 0.093659
vt 0.806312 0.846375
vt 0.805311 0.873002
vt 0.809340 0.846392
vt 0.679779 0.654828
vt 0.688232 0.681483
vt 0.925719 0.477927
vt 0.918853 0.425689
vt 0.925843 0.450614
vt 0.577215 0.041457
vt 0.563483 0.065932
vt 0.578666 0.042477
vt 0.566461 0.067202
vt 0.811673 0.822488
vt 0.808068 0.846632
vt 0.813395 0.822898
vt 0.664823 0.631736
vt 0.678133 0.655459
vt 0.666259 0.630732
vt 0.681124 0.654188
vt 0.917098 0.426115
vt 0.922779 0.450618
vt 0.846340 0.802883
vt 0.849028 0.823093
vt 0.844608 0.803420
vt 0.596635 0.021470
vt 0.598595 0.024106
vt 0.579771 0.043479
vt 0.819254 0.802883
vt 0.962419 0.837725
vt 0.965347 0.818315
vt 0.967037 0.818862
vt 0.647140 0.611054
vt 0.647972 0.609727
vt 0.667392 0.629713
vt 0.909065 0.406088
vt 0.850789 0.822683
vt 0.852050 0.847344
vt 0.620419 0.007334
vt 0.597785 0.022800
vt 0.621202 0.008882
vt 0.963901 0.837314
vt 0.959063 0.861021
vt 0.960699 0.837299
vt 0.645999 0.612363
vt 0.623724 0.597137
vt 0.855306 0.847391
vt 0.852284 0.823140
vt 0.855257 0.874442
vt 0.853830 0.847090
vt 0.647319 0.001673
vt 0.621649 0.010404
vt 0.960524 0.860760
vt 0.957198 0.887163
vt 0.957321 0.860745
vt 0.597231 0.591562
vt 0.622945 0.598660
vt 0.597606 0.589927
vt 0.624188 0.595590
vt 0.856724 0.874566
vt 0.854972 0.902873
vt 0.853468 0.874520
vt 0.674411 -0.000000
vt 0.646947 0.000011
vt 0.674358 0.001662
vt 0.647362 0.003305
vt 0.958647 0.887071
vt 0.956951 0.914370
vt 0.955444 0.887055
vt 0.570567 0.589916
vt 0.597660 0.588267
vt 0.852995 0.930446
vt 0.853185 0.902769
vt 0.700939 0.007303
vt 0.700475 0.008852
vt 0.673983 0.003295
vt 0.959795 0.941040
vt 0.958398 0.914453
vt 0.958339 0.940788
vt 0.955196 0.914437
vt 0.544897 0.598630
vt 0.570611 0.591551
vt 0.544450 0.597106
vt 0.570196 0.588256
vt 0.854476 0.930212
vt 0.856441 0.902815
vt 0.851220 0.930165
vt 0.699697 0.010373
vt 0.956592 0.941024
vt 0.543667 0.595559
vt 0.838848 0.954890
vt 0.832493 0.975690
vt 0.837344 0.955283
vt 0.729642 0.611005
vt 0.709072 0.629649
vt 0.728492 0.609677
vt 0.730452 0.612314
vt 0.710523 0.630668
vt 0.784474 0.802883
vt 0.778408 0.822610
vt 0.776687 0.822203
vt 0.974583 0.958849
vt 0.977377 0.978058
vt 0.973108 0.958444
vt 0.385892 0.611943
vt 0.406152 0.630299
vt 0.404715 0.631301
vt 0.387033 0.610636
vt 0.407285 0.629277
vt 0.949158 0.000550
vt 0.958736 0.019856
vt 0.956980 0.020279
vt 0.960059 0.020296
vt 0.964303 0.044304
vt 0.695340 0.654113
vt 0.711628 0.631673
vt 0.697004 0.654753
vt 0.771181 0.845888
vt 0.779701 0.822199
vt 0.772937 0.846144
vt 0.419671 0.654384
vt 0.418026 0.655014
vt 0.962510 0.044570
vt 0.965590 0.044588
vt 0.967184 0.071677
vt 0.690006 0.681620
vt 0.688232 0.681402
vt 0.691428 0.681837
vt 0.768331 0.872325
vt 0.771345 0.872322
vt 0.770105 0.872413
vt 0.424916 0.681466
vt 0.421017 0.653741
vt 0.426669 0.681251
vt 0.965373 0.071768
vt 0.968453 0.071786
vt 0.967184 0.100112
vt 0.688232 0.709657
vt 0.691428 0.709224
vt 0.690006 0.709438
vt 0.768331 0.899713
vt 0.771345 0.899709
vt 0.770105 0.899625
vt 0.424916 0.708853
vt 0.428125 0.709285
vt 0.426669 0.709068
vt 0.965373 0.100020
vt 0.968453 0.100038
vt 0.964303 0.127669
vt 0.695340 0.736951
vt 0.698318 0.735681
vt 0.697004 0.736310
vt 0.772937 0.925927
vt 0.771181 0.926183
vt 0.418026 0.735309
vt 0.421017 0.736580
vt 0.419671 0.735941
vt 0.962510 0.127401
vt 0.965590 0.127419
vt 0.958736 0.152471
vt 0.710523 0.760406
vt 0.709072 0.761426
vt 0.711628 0.759404
vt 0.776687 0.949934
vt 0.774195 0.926180
vt 0.778408 0.949525
vt 0.404715 0.759033
vt 0.406152 0.760037
vt 0.956980 0.152044
vt 0.872610 0.975153
vt 0.878790 0.955890
vt 0.874341 0.975690
vt 0.729642 0.780083
vt 0.728492 0.781413
vt 0.784474 0.969345
vt 0.917899 0.978602
vt 0.914971 0.959193
vt 0.919590 0.978055
vt 0.387033 0.779714
vt 0.385892 0.778406
vt 0.387865 0.781042
vt 0.949158 0.172270
vt 0.880051 0.931229
vt 0.881831 0.931483
vt 0.752276 0.795549
vt 0.730452 0.778777
vt 0.753059 0.794001
vt 0.916453 0.959603
vt 0.911615 0.935896
vt 0.913076 0.936157
vt 0.913251 0.959619
vt 0.362838 0.792108
vt 0.364080 0.795178
vt 0.363616 0.793632
vt 0.883307 0.931183
vt 0.880286 0.955434
vt 0.881469 0.904053
vt 0.883258 0.904132
vt 0.779176 0.801211
vt 0.778804 0.802872
vt 0.753506 0.792479
vt 0.909750 0.909754
vt 0.911199 0.909847
vt 0.909873 0.936173
vt 0.337124 0.799206
vt 0.337499 0.800841
vt 0.884725 0.904007
vt 0.882973 0.875701
vt 0.806215 0.801221
vt 0.806268 0.802883
vt 0.805840 0.799588
vt 0.910950 0.882465
vt 0.907996 0.909862
vt 0.909503 0.882547
vt 0.310504 0.799217
vt 0.310088 0.802512
vt 0.310460 0.800852
vt 0.884442 0.875758
vt 0.881186 0.875805
vt 0.880996 0.848127
vt 0.832796 0.795581
vt 0.832332 0.794031
vt 0.912347 0.855878
vt 0.907748 0.882481
vt 0.910891 0.856130
vt 0.284790 0.792138
vt 0.284343 0.793662
vt 0.882477 0.848361
vt 0.879221 0.848408
vt 0.877461 0.823291
vt 0.855748 0.780132
vt 0.856581 0.781462
vt 0.854608 0.778825
vt 0.915293 0.831897
vt 0.909144 0.855893
vt 0.913819 0.832303
vt 0.261736 0.778454
vt 0.283560 0.795209
vt 0.260926 0.779763
vt 0.878965 0.823684
vt 0.429828 0.943595
vt 0.436158 0.923110
vt 0.437913 0.923534
vt 0.876000 0.761491
vt 0.874868 0.760469
vt 0.919590 0.812158
vt 0.801862 0.969331
vt 0.796003 0.949802
vt 0.803537 0.968803
vt 0.241807 0.760100
vt 0.242912 0.759095
vt 0.240356 0.761120
vt 0.874145 0.803407
vt 0.443630 0.898941
vt 0.888387 0.736384
vt 0.889732 0.737027
vt 0.873431 0.759467
vt 0.791949 0.926680
vt 0.797310 0.950225
vt 0.794281 0.950208
vt 0.790677 0.926407
vt 0.228288 0.736015
vt 0.229602 0.735383
vt 0.444903 0.898671
vt 0.439222 0.923106
vt 0.441839 0.898674
vt 0.446589 0.871491
vt 0.896841 0.709738
vt 0.886741 0.735754
vt 0.895385 0.709517
vt 0.789174 0.900317
vt 0.786145 0.900299
vt 0.787919 0.900212
vt 0.222712 0.708931
vt 0.226624 0.736656
vt 0.221290 0.709148
vt 0.447843 0.871396
vt 0.444779 0.871400
vt 0.446589 0.843054
vt 0.896841 0.681483
vt 0.893631 0.681915
vt 0.895385 0.681700
vt 0.789174 0.872932
vt 0.786145 0.872915
vt 0.787919 0.873003
vt 0.221290 0.681331
vt 0.222712 0.681544
vt 0.219516 0.681111
vt 0.447843 0.843141
vt 0.441839 0.815836
vt 0.443630 0.815568
vt 0.889732 0.654188
vt 0.888387 0.654828
vt 0.791949 0.846392
vt 0.790677 0.846632
vt 0.229602 0.655087
vt 0.228288 0.654458
vt 0.444903 0.815832
vt 0.437913 0.790907
vt 0.876000 0.629713
vt 0.886741 0.655459
vt 0.874868 0.630732
vt 0.796003 0.822898
vt 0.797310 0.822506
vt 0.788920 0.846375
vt 0.241807 0.630363
vt 0.242912 0.631364
vt 0.226624 0.653817
vt 0.439222 0.791329
vt 0.428125 0.771306
vt 0.429828 0.770752
vt 0.856581 0.609727
vt 0.854608 0.612363
vt 0.855749 0.611054
vt 0.978879 0.812692
vt 0.972541 0.831128
vt 0.977188 0.812144
vt 0.794281 0.822488
vt 0.803537 0.803418
vt 0.261736 0.611991
vt 0.240356 0.629342
vt 0.260926 0.610685
vt 0.832493 0.803420
vt 0.838673 0.822683
vt 0.836913 0.823093
vt 0.843191 0.847391
vt 0.841715 0.847090
vt 0.832796 0.595590
vt 0.832332 0.597137
vt 0.974261 0.831554
vt 0.969163 0.854574
vt 0.972365 0.854590
vt 0.970905 0.854850
vt 0.284343 0.596767
vt 0.284790 0.598289
vt 0.259776 0.609355
vt 0.839935 0.847344
vt 0.844608 0.874566
vt 0.843141 0.874442
vt 0.806268 0.588267
vt 0.831553 0.598660
vt 0.806215 0.589927
vt 0.967286 0.880885
vt 0.969040 0.880993
vt 0.310503 0.591190
vt 0.283560 0.595219
vt 0.310460 0.589558
vt 0.841352 0.874520
vt 0.844325 0.902815
vt 0.842856 0.902873
vt 0.778804 0.588256
vt 0.805840 0.591562
vt 0.779176 0.589916
vt 0.968793 0.908200
vt 0.967037 0.908266
vt 0.970488 0.880900
vt 0.337499 0.589547
vt 0.337124 0.591180
vt 0.310088 0.587896
vt 0.841069 0.902769
vt 0.840879 0.930446
vt 0.752276 0.595559
vt 0.753506 0.598630
vt 0.753059 0.597106
vt 0.970180 0.934617
vt 0.968434 0.934853
vt 0.970240 0.908282
vt 0.363616 0.596737
vt 0.362838 0.598258
vt 0.364080 0.595188
vt 0.839105 0.930166
vt 0.842361 0.930212
vt 0.971381 0.958834
vt 0.971636 0.934869
vt 0.835592 0.954843
vt 0.998183 0.589337
vt 0.990122 0.588256
vt 0.991939 0.222263
vt 0.556375 0.233117
vt 0.556375 0.228635
vt 0.559498 0.225507
vt 0.567039 0.228778
vt 0.563916 0.236388
vt 0.988185 0.221455
vt 0.567039 0.217754
vt 0.567039 0.222236
vt 0.563916 0.225448
vt 0.556375 0.222380
vt 0.559498 0.214686
vt 0.983914 0.214489
vt 0.944035 0.000320
vt 0.239812 0.457581
vt 0.453953 0.770752
vt 0.948230 0.405993
vt 0.925652 0.588256
vt 0.914081 0.221455
vt 0.466525 0.829131
vt 0.444766 0.770752
vt 0.826384 0.802883
vt 0.408667 0.802512
vt 0.404393 0.828133
vt 0.407353 0.987398
vt 0.381309 0.961391
vt 0.459498 0.419281
vt 0.913011 0.157628
vt 0.983784 0.221471
vt 0.371170 0.961248
vt 0.977852 0.207952
vt 0.980535 0.811645
vt 0.936556 0.818315
vt 0.899882 0.419261
vt 0.874554 0.424034
vt 0.861124 0.450989
vt 0.907462 0.445376
vt 0.959399 0.248000
vt 0.956474 0.615868
vt 0.953290 0.588774
vt 0.968323 0.221455
vt 0.917984 0.588256
vt 0.837590 0.221455
vt 0.941233 0.790704
vt 0.965535 0.984229
vt 0.844608 0.975690
vt 0.931631 0.578533
vt 0.766660 0.969345
vt 0.886260 0.803407
vt 0.868566 0.802883
vt 0.920163 0.426111
vt 0.814701 0.822506
vt 0.820928 0.803418
vt 0.910768 0.405534
vt 0.847708 0.954843
vt 0.959539 0.965005
vt 0.834028 0.975166
vt 0.786145 0.803414
vt 0.978879 0.978589
vt 0.387865 0.609306
vt 0.950864 0.000000
vt 0.698318 0.655386
vt 0.774195 0.845885
vt 0.428125 0.681031
vt 0.960059 0.152062
vt 0.779701 0.949930
vt 0.407285 0.761055
vt 0.877030 0.955480
vt 0.786145 0.968813
vt 0.950864 0.172828
vt 0.779219 0.799578
vt 0.337552 0.802501
vt 0.831553 0.792510
vt 0.875709 0.823730
vt 0.912091 0.831913
vt 0.259776 0.781091
vt 0.428125 0.943042
vt 0.918087 0.812689
vt 0.872609 0.802883
vt 0.788920 0.926663
vt 0.893631 0.709303
vt 0.219516 0.709366
vt 0.444779 0.843145
vt 0.436158 0.791333
vt 0.873431 0.631736
vt 0.801862 0.802883
vt 0.834225 0.802883
vt 0.840169 0.823140
vt 0.975743 0.831144
vt 0.779219 0.591551
vt 0.337552 0.587885
s 1
f 1/1/1 14/2/2 13/3/3
f 2/4/4 14/5/2 16/6/5
f 1/1/1 13/3/3 18/7/6
f 1/1/1 18/7/6 20/8/7
f 1/1/1 20/8/7 17/9/8
f 2/4/4 16/6/5 23/10/9
f 3/11/10 15/12/11 25/13/12
f 4/14/13 19/15/14 27/16/15
f 5/17/16 21/18/17 29/19/18
f 6/20/19 22/21/20 31/22/21
f 2/4/4 23/10/9 26/23/22
f 3/11/10 25/13/12 28/24/23
f 4/14/13 27/16/15 30/25/24
f 5/17/16 29/19/18 32/26/25
f 6/20/19 31/22/21 24/27/26
f 7/28/27 33/29/28 38/30/29
f 8/31/30 34/32/31 40/33/32
f 9/34/33 35/35/34 41/36/35
f 10/37/36 36/38/37 42/39/38
f 11/40/39 37/41/40 39/42/41
f 39/42/41 42/39/38 12/43/42
f 39/42/41 37/41/40 42/39/38
f 37/41/40 10/37/36 42/39/38
f 42/39/38 41/44/35 12/43/42
f 42/39/38 36/38/37 41/44/35
f 36/38/37 9/45/33 41/44/35
f 41/44/35 40/46/32 12/43/42
f 41/44/35 35/47/34 40/46/32
f 35/48/34 8/31/30 40/33/32
f 40/46/32 38/49/29 12/43/42
f 40/33/32 34/32/31 38/50/29
f 34/32/31 7/51/27 38/50/29
f 38/49/29 39/42/41 12/43/42
f 38/49/29 33/52/28 39/42/41
f 33/29/28 11/53/39 39/54/41
f 24/55/26 37/56/40 11/53/39
f 24/27/26 31/22/21 37/57/40
f 31/22/21 10/58/36 37/57/40
f 32/59/25 36/60/37 10/58/36
f 32/26/25 29/19/18 36/61/37
f 29/19/18 9/34/33 36/61/37
f 30/25/24 35/35/34 9/34/33
f 30/25/24 27/16/15 35/35/34
f 27/62/15 8/31/30 35/48/34
f 28/24/23 34/32/31 8/31/30
f 28/24/23 25/13/12 34/32/31
f 25/13/12 7/51/27 34/32/31
f 26/23/22 33/29/28 7/28/27
f 26/23/22 23/10/9 33/29/28
f 23/10/9 11/53/39 33/29/28
f 31/22/21 32/59/25 10/58/36
f 31/22/21 22/21/20 32/59/25
f 22/21/20 5/63/16 32/59/25
f 29/19/18 30/25/24 9/34/33
f 29/19/18 21/18/17 30/25/24
f 21/18/17 4/14/13 30/25/24
f 27/62/15 28/24/23 8/31/30
f 27/62/15 19/64/14 28/24/23
f 19/64/14 3/11/10 28/24/23
f 25/65/12 26/23/22 7/28/27
f 25/65/12 15/66/11 26/23/22
f 15/66/11 2/4/4 26/23/22
f 23/10/9 24/55/26 11/53/39
f 23/10/9 16/6/5 24/55/26
f 16/67/5 6/20/19 24/27/26
f 17/68/8 22/21/20 6/20/19
f 17/68/8 20/69/7 22/21/20
f 20/69/7 5/63/16 22/21/20
f 20/70/7 21/18/17 5/17/16
f 20/8/7 18/7/6 21/71/17
f 18/72/6 4/14/13 21/18/17
f 18/7/6 19/73/14 4/74/13
f 18/7/6 13/3/3 19/73/14
f 13/3/3 3/75/10 19/73/14
f 16/67/5 17/68/8 6/20/19
f 16/76/5 14/2/2 17/9/8
f 14/2/2 1/1/1 17/9/8
f 13/3/3 15/77/11 3/75/10
f 13/3/3 14/2/2 15/77/11
f 14/2/2 2/78/4 15/77/11
f 44/79/25 45/80/43 43/81/25
f 46/82/43 47/83/44 45/80/43
f 48/84/44 49/85/45 47/86/44
f 50/87/45 51/88/12 49/85/45
f 51/89/12 54/90/46 53/91/46
f 53/91/46 56/92/47 55/93/47
f 56/94/42 52/95/42 48/96/42
f 56/97/47 57/98/48 55/99/47
f 57/98/48 44/100/25 43/101/25
f 49/102/1 53/103/49 57/104/49
f 86/105/50 63/106/51 62/107/50
f 85/108/52 62/107/50 61/109/52
f 165/110/53 188/111/54 164/112/54
f 158/113/55 181/114/56 157/115/56
f 173/116/57 196/117/58 172/118/58
f 166/119/59 189/120/53 165/110/53
f 159/121/60 182/122/55 158/113/55
f 174/123/61 197/124/57 173/116/57
f 167/125/62 190/126/59 166/119/59
f 160/127/63 183/128/60 159/121/60
f 175/129/64 198/130/61 174/123/61
f 167/125/62 192/131/65 191/132/62
f 161/133/66 184/134/63 160/127/63
f 176/135/67 199/136/64 175/137/64
f 169/138/52 192/139/65 168/140/65
f 162/141/68 185/142/66 161/133/66
f 177/143/69 200/144/67 176/135/67
f 170/145/50 193/146/52 169/147/52
f 163/148/70 186/149/68 162/141/68
f 178/150/71 201/151/69 177/143/69
f 155/152/72 180/153/73 156/154/73
f 171/155/51 194/156/50 170/145/50
f 164/112/54 187/157/70 163/158/70
f 156/154/73 202/159/71 178/150/71
f 157/160/56 179/161/72 155/162/72
f 172/118/58 195/163/51 171/155/51
f 213/164/74 236/165/75 212/166/75
f 206/167/76 229/168/77 205/169/77
f 221/170/57 244/171/78 220/172/78
f 214/173/79 237/174/74 213/175/74
f 206/176/76 231/177/80 230/178/76
f 221/170/57 246/179/81 245/180/57
f 215/181/12 238/182/79 214/173/79
f 208/183/82 231/177/80 207/184/80
f 223/185/83 246/179/81 222/186/81
f 216/187/84 239/188/12 215/181/12
f 209/189/66 232/190/82 208/183/82
f 224/191/85 247/192/83 223/185/83
f 217/193/86 240/194/84 216/187/84
f 210/195/87 233/196/66 209/189/66
f 224/191/85 249/197/88 248/198/85
f 218/199/89 241/200/86 217/193/86
f 211/201/90 234/202/87 210/195/87
f 226/203/91 249/204/88 225/205/88
f 204/206/25 227/207/92 228/208/25
f 218/209/89 243/210/93 242/211/89
f 212/166/75 235/212/90 211/201/90
f 204/206/25 250/213/91 226/203/91
f 205/169/77 227/207/92 203/214/92
f 220/172/78 243/210/93 219/215/93
f 59/216/12 155/217/12 156/218/12
f 61/219/12 155/217/12 60/220/12
f 62/221/12 157/222/12 61/219/12
f 63/223/12 158/224/12 62/221/12
f 64/225/12 159/226/12 63/223/12
f 65/227/12 160/228/12 64/225/12
f 66/229/12 161/230/12 65/227/12
f 67/231/12 162/232/12 66/229/12
f 67/231/12 164/233/12 163/234/12
f 69/235/12 164/233/12 68/236/12
f 70/237/12 165/238/12 69/235/12
f 70/237/12 167/239/12 166/240/12
f 72/241/12 167/239/12 71/242/12
f 73/243/12 168/140/12 72/241/12
f 74/244/12 169/138/12 73/243/12
f 75/245/12 170/246/12 74/244/12
f 76/247/12 171/248/12 75/245/12
f 77/249/12 172/250/12 76/247/12
f 78/251/12 173/252/12 77/249/12
f 79/253/12 174/254/12 78/251/12
f 79/253/12 176/255/12 175/256/12
f 81/257/12 176/255/12 80/258/12
f 81/257/12 178/259/12 177/260/12
f 59/216/12 178/259/12 82/261/12
f 84/262/25 179/161/25 83/263/25
f 85/264/25 179/161/25 181/265/25
f 85/264/25 182/266/25 86/267/25
f 87/268/25 182/266/25 183/269/25
f 87/268/25 184/270/25 88/271/25
f 89/272/25 184/270/25 185/273/25
f 89/272/25 186/274/25 90/275/25
f 91/276/25 186/274/25 187/277/25
f 91/276/25 188/278/25 92/279/25
f 92/279/25 189/280/25 93/281/25
f 94/282/25 189/280/25 190/283/25
f 94/282/25 191/284/25 95/285/25
f 96/286/25 191/284/25 192/287/25
f 97/288/25 192/287/25 193/289/25
f 98/290/25 193/289/25 194/291/25
f 99/292/25 194/291/25 195/293/25
f 100/294/25 195/293/25 196/295/25
f 100/294/25 197/296/25 101/297/25
f 101/297/25 198/298/25 102/299/25
f 103/300/25 198/298/25 199/301/25
f 103/300/25 200/302/25 104/303/25
f 104/303/25 201/304/25 105/305/25
f 105/305/25 202/306/25 106/307/25
f 84/262/25 202/306/25 180/308/25
f 107/309/73 203/310/73 204/311/73
f 109/312/73 203/310/73 108/313/73
f 109/312/73 206/314/73 205/315/73
f 111/316/73 206/314/73 110/317/73
f 111/316/73 208/318/73 207/319/73
f 113/320/73 208/318/73 112/321/73
f 114/322/73 209/323/73 113/320/73
f 115/324/73 210/325/73 114/322/73
f 116/326/73 211/327/73 115/324/73
f 117/328/73 212/329/73 116/326/73
f 118/330/73 213/331/73 117/328/73
f 118/330/73 215/332/73 214/333/73
f 120/334/73 215/332/73 119/335/73
f 121/336/73 216/337/73 120/334/73
f 122/338/73 217/339/73 121/336/73
f 123/340/73 218/341/73 122/338/73
f 123/340/73 220/342/73 219/343/73
f 124/344/73 221/345/73 220/342/73
f 126/346/73 221/345/73 125/347/73
f 127/348/73 222/349/73 126/346/73
f 127/348/73 224/350/73 223/351/73
f 129/352/73 224/350/73 128/353/73
f 129/352/73 226/354/73 225/355/73
f 107/309/73 226/354/73 130/356/73
f 132/357/62 227/358/62 131/359/62
f 133/360/62 227/358/62 229/361/62
f 133/360/62 230/362/62 134/363/62
f 135/364/62 230/362/62 231/365/62
f 135/364/62 232/366/62 136/367/62
f 137/368/62 232/366/62 233/369/62
f 137/368/62 234/370/62 138/371/62
f 139/372/62 234/370/62 235/373/62
f 140/374/62 235/373/62 236/375/62
f 141/376/62 236/375/62 237/377/62
f 142/378/62 237/377/62 238/379/62
f 142/378/62 239/380/62 143/381/62
f 144/382/62 239/380/62 240/383/62
f 144/382/62 241/384/62 145/385/62
f 146/386/62 241/384/62 242/387/62
f 147/388/62 242/387/62 243/389/62
f 147/388/62 244/390/62 148/391/62
f 148/391/62 245/392/62 149/393/62
f 150/394/62 245/392/62 246/395/62
f 151/396/62 246/395/62 247/397/62
f 151/396/62 248/398/62 152/399/62
f 153/400/62 248/398/62 249/401/62
f 153/400/62 250/402/62 154/403/62
f 132/357/62 250/402/62 228/404/62
f 87/405/51 64/406/58 63/106/51
f 88/407/58 65/408/57 64/406/58
f 89/409/57 66/410/61 65/408/57
f 90/411/61 67/412/64 66/410/61
f 91/413/64 68/414/67 67/415/64
f 92/416/67 69/417/69 68/414/67
f 93/418/69 70/419/71 69/417/69
f 94/420/71 71/421/73 70/419/71
f 95/422/73 72/423/72 71/421/73
f 96/286/72 73/424/56 72/425/72
f 97/426/56 74/427/55 73/428/56
f 74/427/55 99/429/60 75/430/60
f 99/429/60 76/431/63 75/430/60
f 100/432/63 77/433/66 76/431/63
f 101/434/66 78/435/68 77/433/66
f 102/436/68 79/437/70 78/435/68
f 103/438/70 80/439/54 79/440/70
f 104/441/54 81/442/53 80/439/54
f 105/443/53 82/444/59 81/442/53
f 106/445/59 59/446/62 82/444/59
f 84/447/62 60/448/65 59/446/62
f 83/449/65 61/219/52 60/220/65
f 134/450/89 109/451/86 133/452/86
f 135/453/93 110/454/89 134/455/89
f 135/453/93 112/456/78 111/457/93
f 137/458/57 112/456/78 136/459/78
f 138/460/81 113/461/57 137/458/57
f 139/462/83 114/463/81 138/460/81
f 140/464/85 115/465/83 139/462/83
f 141/466/88 116/467/85 140/464/85
f 142/468/91 117/469/88 141/470/88
f 143/471/25 118/472/91 142/468/91
f 144/473/92 119/474/25 143/471/25
f 145/475/77 120/476/92 144/473/92
f 146/477/76 121/478/77 145/475/77
f 147/479/80 122/480/76 146/481/76
f 148/482/82 123/483/80 147/479/80
f 149/484/66 124/485/82 148/482/82
f 150/486/87 125/487/66 149/484/66
f 150/486/87 127/488/90 126/489/87
f 152/490/75 127/488/90 151/491/90
f 153/492/74 128/493/75 152/490/75
f 154/494/79 129/495/74 153/496/74
f 154/494/79 107/497/12 130/498/79
f 131/499/84 107/497/12 132/500/12
f 131/499/84 109/451/86 108/501/84
f 259/502/94 252/503/95 251/504/12
f 260/505/96 253/506/97 252/507/95
f 261/508/98 254/509/99 253/506/97
f 262/510/100 255/511/25 254/512/99
f 263/513/101 256/514/102 255/515/25
f 256/516/102 265/517/103 257/518/104
f 265/517/103 258/519/105 257/518/104
f 266/520/106 251/521/12 258/522/105
f 267/523/107 260/524/96 259/502/94
f 268/525/108 261/508/98 260/505/96
f 269/526/109 262/527/100 261/508/98
f 270/528/110 263/513/101 262/529/100
f 263/513/101 272/530/111 264/531/112
f 272/532/111 265/517/103 264/533/112
f 273/534/113 266/535/106 265/517/103
f 266/536/106 267/523/107 259/502/94
f 267/523/107 276/537/114 268/538/108
f 276/539/114 269/526/109 268/525/108
f 269/526/109 278/540/115 270/541/110
f 278/542/115 271/543/116 270/528/110
f 279/544/117 272/530/111 271/543/116
f 280/545/118 273/534/113 272/532/111
f 281/546/119 274/547/120 273/534/113
f 282/548/121 267/523/107 274/549/120
f 275/550/122 284/551/123 276/537/114
f 284/552/123 277/553/124 276/539/114
f 285/554/125 278/540/115 277/553/124
f 278/542/115 287/555/126 279/544/117
f 287/555/126 280/556/118 279/544/117
f 280/545/118 289/557/127 281/546/119
f 281/546/119 290/558/128 282/559/121
f 290/560/128 275/550/122 282/548/121
f 291/561/129 284/551/123 283/562/130
f 284/552/123 293/563/131 285/554/125
f 293/563/131 286/564/132 285/554/125
f 286/565/132 295/566/133 287/555/126
f 295/566/133 288/567/134 287/555/126
f 288/568/134 297/569/135 289/557/127
f 297/569/135 290/558/128 289/557/127
f 298/570/136 283/562/130 290/560/128
f 299/571/73 292/572/137 291/561/129
f 300/573/138 293/563/131 292/574/137
f 301/575/139 294/576/140 293/563/131
f 294/577/140 303/578/62 295/566/133
f 303/578/62 296/579/141 295/566/133
f 304/580/142 297/569/135 296/581/141
f 297/569/135 306/582/143 298/583/136
f 298/570/136 299/571/73 291/561/129
f 307/584/144 300/585/138 299/571/73
f 300/573/138 309/586/145 301/575/139
f 309/586/145 302/587/146 301/575/139
f 302/588/146 311/589/147 303/590/62
f 311/591/147 304/592/142 303/578/62
f 312/593/148 305/594/149 304/580/142
f 313/595/150 306/582/143 305/594/149
f 314/596/151 299/597/73 306/598/143
f 307/599/144 316/600/152 308/601/153
f 308/602/153 317/603/154 309/586/145
f 309/586/145 318/604/155 310/605/156
f 318/606/155 311/589/147 310/607/156
f 319/608/157 312/609/148 311/589/147
f 320/610/158 313/595/150 312/593/148
f 321/611/159 314/612/151 313/595/150
f 322/613/160 307/599/144 314/596/151
f 323/614/161 316/600/152 315/615/162
f 324/616/163 317/603/154 316/617/152
f 325/618/164 318/604/155 317/603/154
f 326/619/165 319/608/157 318/606/155
f 319/608/157 328/620/166 320/621/158
f 328/622/166 321/611/159 320/610/158
f 329/623/167 322/624/160 321/611/159
f 322/613/160 323/614/161 315/615/162
f 323/614/161 332/625/168 324/626/163
f 332/627/168 325/618/164 324/616/163
f 333/628/169 326/629/165 325/618/164
f 326/619/165 335/630/170 327/631/171
f 335/630/170 328/620/166 327/631/171
f 336/632/172 329/623/167 328/622/166
f 329/623/167 338/633/173 330/634/174
f 338/635/173 323/614/161 330/636/174
f 331/637/175 340/638/176 332/625/168
f 340/639/176 333/628/169 332/627/168
f 341/640/177 334/641/178 333/628/169
f 342/642/179 335/630/170 334/643/178
f 343/644/180 336/645/172 335/630/170
f 336/632/172 345/646/181 337/647/182
f 337/647/182 346/648/183 338/633/173
f 346/649/183 331/637/175 338/635/173
f 347/650/25 340/638/176 339/651/184
f 348/652/185 341/640/177 340/639/176
f 349/653/186 342/654/179 341/640/177
f 342/642/179 351/655/12 343/644/180
f 351/655/12 344/656/187 343/644/180
f 344/657/187 353/658/188 345/646/181
f 353/658/188 346/648/183 345/646/181
f 346/649/183 347/650/25 339/651/184
f 355/659/101 348/660/185 347/650/25
f 356/661/189 349/653/186 348/652/185
f 357/662/190 350/663/191 349/653/186
f 358/664/192 351/665/12 350/666/191
f 359/667/94 352/668/193 351/655/12
f 360/669/194 353/658/188 352/670/193
f 361/671/195 354/672/196 353/658/188
f 362/673/197 347/674/25 354/675/196
f 363/676/116 356/677/189 355/678/101
f 364/679/198 357/662/190 356/661/189
f 365/680/199 358/681/192 357/662/190
f 366/682/200 359/683/94 358/664/192
f 367/684/107 360/685/194 359/683/94
f 368/686/201 361/671/195 360/669/194
f 369/687/202 362/688/197 361/671/195
f 362/673/197 363/676/116 355/678/101
f 371/689/117 364/690/198 363/676/116
f 372/691/203 365/680/199 364/679/198
f 373/692/204 366/693/200 365/680/199
f 374/694/205 367/684/107 366/682/200
f 375/695/122 368/696/201 367/684/107
f 376/697/206 369/687/202 368/686/201
f 377/698/207 370/699/208 369/687/202
f 370/700/208 371/689/117 363/676/116
f 371/689/117 380/701/209 372/702/203
f 372/691/203 381/703/210 373/692/204
f 381/703/210 374/704/205 373/692/204
f 374/694/205 383/705/130 375/695/122
f 383/705/130 376/706/206 375/695/122
f 376/697/206 385/707/211 377/698/207
f 385/707/211 378/708/212 377/698/207
f 386/709/213 371/689/117 378/710/212
f 379/711/126 388/712/214 380/701/209
f 388/713/214 381/703/210 380/714/209
f 389/715/215 382/716/216 381/703/210
f 390/717/217 383/705/130 382/718/216
f 391/719/129 384/720/218 383/705/130
f 392/721/219 385/707/211 384/722/218
f 393/723/220 386/724/213 385/707/211
f 386/709/213 387/725/133 379/711/126
f 387/725/133 396/726/221 388/712/214
f 396/727/221 389/715/215 388/713/214
f 389/715/215 398/728/222 390/729/217
f 390/717/217 399/730/73 391/719/129
f 391/719/129 400/731/223 392/732/219
f 400/733/223 393/723/220 392/721/219
f 393/723/220 402/734/224 394/735/225
f 394/736/225 395/737/62 387/725/133
f 395/738/62 404/739/226 396/740/221
f 404/741/226 397/742/227 396/727/221
f 405/743/228 398/728/222 397/742/227
f 398/744/222 407/745/144 399/730/73
f 399/746/73 408/747/229 400/748/223
f 408/749/229 401/750/230 400/733/223
f 409/751/231 402/734/224 401/750/230
f 410/752/232 395/737/62 402/753/224
f 411/754/157 404/739/226 403/755/147
f 404/741/226 413/756/233 405/743/228
f 405/743/228 414/757/234 406/758/235
f 414/759/234 407/760/144 406/761/235
f 407/760/144 416/762/236 408/747/229
f 416/763/236 409/751/231 408/749/229
f 417/764/237 410/765/232 409/751/231
f 410/766/232 411/754/157 403/755/147
f 419/767/171 412/768/238 411/754/157
f 420/769/239 413/756/233 412/770/238
f 413/756/233 422/771/240 414/757/234
f 422/772/240 415/773/162 414/759/234
f 423/774/161 416/762/236 415/773/162
f 424/775/241 417/764/237 416/763/236
f 425/776/242 418/777/243 417/764/237
f 426/778/244 411/754/157 418/779/243
f 419/767/171 428/780/245 420/781/239
f 420/769/239 429/782/246 421/783/247
f 429/782/246 422/771/240 421/783/247
f 422/772/240 431/784/175 423/774/161
f 431/784/175 424/785/241 423/774/161
f 424/775/241 433/786/248 425/776/242
f 425/776/242 434/787/249 426/788/244
f 434/789/249 419/767/171 426/778/244
f 427/790/170 436/791/250 428/780/245
f 436/792/250 429/782/246 428/793/245
f 437/794/251 430/795/252 429/782/246
f 430/796/252 439/797/184 431/784/175
f 439/797/184 432/798/253 431/784/175
f 432/799/253 441/800/254 433/786/248
f 441/800/254 434/787/249 433/786/248
f 442/801/255 427/790/170 434/789/249
f 251/521/12 436/791/250 435/802/180
f 436/792/250 253/506/97 437/794/251
f 253/506/97 438/803/256 437/794/251
f 254/512/99 439/797/184 438/804/256
f 439/797/184 256/805/102 440/806/257
f 440/807/257 257/518/104 441/800/254
f 257/518/104 442/808/255 441/800/254
f 258/522/105 435/802/180 442/801/255
f 443/809/12 452/810/258 444/811/259
f 452/812/258 445/813/260 444/814/259
f 453/815/261 446/816/262 445/813/260
f 454/817/263 447/818/25 446/819/262
f 455/820/101 448/821/264 447/822/25
f 456/823/265 449/824/266 448/825/264
f 457/826/267 450/827/268 449/824/266
f 458/828/269 443/829/12 450/830/268
f 451/831/94 460/832/270 452/810/258
f 452/812/258 461/833/271 453/815/261
f 461/833/271 454/834/263 453/815/261
f 454/835/263 463/836/116 455/820/101
f 463/836/116 456/837/265 455/820/101
f 464/838/272 457/826/267 456/823/265
f 457/826/267 466/839/273 458/840/269
f 466/841/273 451/831/94 458/842/269
f 459/843/107 468/844/274 460/832/270
f 468/845/274 461/833/271 460/846/270
f 461/833/271 470/847/275 462/848/276
f 462/849/276 471/850/117 463/836/116
f 463/836/116 472/851/277 464/852/272
f 472/853/277 465/854/278 464/838/272
f 473/855/279 466/839/273 465/854/278
f 466/841/273 467/856/122 459/843/107
f 475/857/130 468/844/274 467/856/122
f 476/858/280 469/859/281 468/845/274
f 469/859/281 478/860/282 470/847/275
f 470/861/275 479/862/126 471/850/117
f 479/862/126 472/851/277 471/850/117
f 472/853/277 481/863/283 473/855/279
f 481/863/283 474/864/284 473/855/279
f 474/865/284 475/857/130 467/856/122
f 483/866/129 476/867/280 475/857/130
f 476/858/280 485/868/285 477/869/286
f 477/869/286 486/870/287 478/860/282
f 486/871/287 479/862/126 478/872/282
f 479/862/126 488/873/288 480/874/289
f 488/875/288 481/863/283 480/876/289
f 489/877/290 482/878/291 481/863/283
f 482/879/291 483/866/129 475/857/130
f 491/880/73 484/881/292 483/866/129
f 484/882/292 493/883/293 485/868/285
f 485/868/285 494/884/294 486/870/287
f 494/885/294 487/886/133 486/871/287
f 495/887/62 488/873/288 487/886/133
f 496/888/295 489/877/290 488/875/288
f 497/889/296 490/890/297 489/877/290
f 498/891/298 483/866/129 490/892/297
f 499/893/144 492/894/299 491/880/73
f 492/895/299 501/896/300 493/883/293
f 501/896/300 494/884/294 493/883/293
f 502/897/301 495/898/62 494/899/294
f 503/900/147 496/901/295 495/887/62
f 504/902/302 497/889/296 496/888/295
f 497/889/296 506/903/303 498/904/298
f 506/905/303 491/906/73 498/907/298
f 507/908/162 500/909/304 499/910/144
f 508/911/305 501/896/300 500/912/304
f 509/913/306 502/914/301 501/896/300
f 510/915/307 503/916/147 502/897/301
f 503/916/147 512/917/308 504/918/302
f 512/919/308 505/920/309 504/902/302
f 505/920/309 514/921/310 506/903/303
f 514/922/310 499/910/144 506/905/303
f 515/923/161 508/924/305 507/908/162
f 508/911/305 517/925/311 509/913/306
f 517/925/311 510/926/307 509/913/306
f 518/927/312 511/928/157 510/915/307
f 519/929/171 512/917/308 511/928/157
f 520/930/313 513/931/314 512/919/308
f 521/932/315 514/921/310 513/931/314
f 522/933/316 507/908/162 514/922/310
f 515/923/161 524/934/317 516/935/318
f 516/936/318 525/937/319 517/925/311
f 525/937/319 518/938/312 517/925/311
f 526/939/320 519/929/171 518/927/312
f 519/929/171 528/940/321 520/941/313
f 528/942/321 521/932/315 520/930/313
f 529/943/322 522/944/316 521/932/315
f 530/945/323 515/923/161 522/933/316
f 531/946/184 524/934/317 523/947/175
f 524/948/317 533/949/324 525/937/319
f 533/949/324 526/950/320 525/937/319
f 534/951/325 527/952/170 526/939/320
f 527/952/170 536/953/326 528/940/321
f 536/954/326 529/943/322 528/942/321
f 537/955/327 530/956/323 529/943/322
f 530/945/323 531/946/184 523/947/175
f 539/957/25 532/958/328 531/946/184
f 540/959/329 533/949/324 532/960/328
f 541/961/330 534/962/325 533/949/324
f 542/963/331 535/964/180 534/951/325
f 543/965/12 536/953/326 535/964/180
f 544/966/332 537/955/327 536/954/326
f 545/967/333 538/968/334 537/955/327
f 546/969/335 531/946/184 538/970/334
f 547/971/101 540/972/329 539/957/25
f 548/973/336 541/961/330 540/959/329
f 549/974/337 542/975/331 541/961/330
f 550/976/338 543/977/12 542/978/331
f 551/979/94 544/980/332 543/965/12
f 544/966/332 553/981/339 545/967/333
f 553/981/339 546/982/335 545/967/333
f 554/983/340 539/984/25 546/985/335
f 547/986/101 556/987/341 548/988/336
f 548/973/336 557/989/342 549/974/337
f 557/989/342 550/990/338 549/974/337
f 558/991/343 551/992/94 550/976/338
f 551/992/94 560/993/344 552/994/345
f 560/995/344 553/981/339 552/996/345
f 553/981/339 562/997/346 554/998/340
f 562/999/346 547/986/101 554/983/340
f 563/1000/117 556/987/341 555/1001/116
f 564/1002/347 557/989/342 556/1003/341
f 565/1004/348 558/1005/343 557/989/342
f 566/1006/349 559/1007/107 558/991/343
f 559/1007/107 568/1008/350 560/993/344
f 560/995/344 569/1009/351 561/1010/352
f 569/1009/351 562/997/346 561/1010/352
f 562/999/346 563/1000/117 555/1001/116
f 571/1011/126 564/1012/347 563/1000/117
f 572/1013/353 565/1004/348 564/1002/347
f 573/1014/354 566/1015/349 565/1004/348
f 574/1016/355 567/1017/122 566/1006/349
f 567/1017/122 576/1018/356 568/1008/350
f 576/1019/356 569/1009/351 568/1020/350
f 577/1021/357 570/1022/358 569/1009/351
f 570/1023/358 571/1011/126 563/1000/117
f 579/1024/133 572/1025/353 571/1011/126
f 572/1013/353 581/1026/359 573/1014/354
f 581/1026/359 574/1027/355 573/1014/354
f 582/1028/360 575/1029/130 574/1016/355
f 575/1029/130 584/1030/361 576/1018/356
f 576/1019/356 585/1031/362 577/1021/357
f 585/1031/362 578/1032/363 577/1021/357
f 578/1033/363 579/1024/133 571/1011/126
f 587/1034/62 580/1035/364 579/1024/133
f 588/1036/365 581/1026/359 580/1037/364
f 589/1038/366 582/1039/360 581/1026/359
f 590/1040/367 583/1041/129 582/1028/360
f 591/1042/73 584/1030/361 583/1041/129
f 592/1043/368 585/1031/362 584/1044/361
f 593/1045/369 586/1046/370 585/1031/362
f 594/1047/371 579/1024/133 586/1048/370
f 587/1049/62 596/1050/372 588/1051/365
f 596/1052/372 589/1038/366 588/1036/365
f 589/1038/366 598/1053/373 590/1054/367
f 598/1055/373 591/1042/73 590/1040/367
f 599/1056/144 592/1057/368 591/1058/73
f 592/1043/368 601/1059/374 593/1045/369
f 593/1045/369 602/1060/375 594/1061/371
f 602/1062/375 587/1034/62 594/1047/371
f 595/1063/147 604/1064/376 596/1050/372
f 604/1065/376 597/1066/377 596/1052/372
f 605/1067/378 598/1053/373 597/1066/377
f 598/1068/373 607/1069/162 599/1056/144
f 607/1069/162 600/1070/379 599/1056/144
f 600/1071/379 609/1072/380 601/1059/374
f 609/1072/380 602/1060/375 601/1059/374
f 610/1073/381 595/1063/147 602/1074/375
f 611/1075/171 604/1064/376 603/1076/157
f 604/1065/376 613/1077/382 605/1067/378
f 613/1077/382 606/1078/383 605/1067/378
f 606/1079/383 615/1080/161 607/1069/162
f 615/1080/161 608/1081/384 607/1069/162
f 616/1082/385 609/1072/380 608/1083/384
f 617/1084/386 610/1085/381 609/1072/380
f 618/1086/387 603/1076/157 610/1073/381
f 619/1087/170 612/1088/388 611/1075/171
f 620/1089/389 613/1077/382 612/1090/388
f 621/1091/390 614/1092/391 613/1077/382
f 614/1093/391 623/1094/175 615/1080/161
f 623/1094/175 616/1095/385 615/1080/161
f 616/1082/385 625/1096/392 617/1084/386
f 625/1096/392 618/1097/387 617/1084/386
f 618/1086/387 619/1087/170 611/1075/171
f 627/1098/180 620/1099/389 619/1087/170
f 628/1100/393 621/1091/390 620/1089/389
f 629/1101/394 622/1102/395 621/1091/390
f 630/1103/396 623/1094/175 622/1104/395
f 631/1105/184 624/1106/397 623/1094/175
f 632/1107/398 625/1096/392 624/1108/397
f 633/1109/399 626/1110/400 625/1096/392
f 634/1111/401 619/1087/170 626/1112/400
f 443/829/12 628/1113/393 627/1098/180
f 628/1100/393 445/813/260 629/1101/394
f 445/813/260 630/1114/396 629/1101/394
f 446/819/262 631/1105/184 630/1103/396
f 447/818/25 632/1115/398 631/1105/184
f 448/825/264 633/1109/399 632/1107/398
f 449/824/266 634/1116/401 633/1109/399
f 450/830/268 627/1098/180 634/1111/401
f 636/1117/268 643/1118/94 635/1119/12
f 637/1120/266 644/1121/269 636/1122/268
f 638/1123/264 645/1124/267 637/1120/266
f 638/1125/264 647/1126/101 646/1127/265
f 640/1128/262 647/1129/101 639/1130/25
f 640/1131/262 649/1132/261 648/1133/263
f 641/1134/260 650/1135/258 649/1132/261
f 642/1136/259 643/1137/94 650/1138/258
f 644/1139/269 651/1140/107 643/1137/94
f 645/1124/267 652/1141/273 644/1121/269
f 646/1142/265 653/1143/278 645/1124/267
f 647/1126/101 654/1144/272 646/1127/265
f 648/1145/263 655/1146/116 647/1126/101
f 648/1133/263 657/1147/402 656/1148/276
f 650/1135/258 657/1147/402 649/1132/261
f 643/1137/94 658/1149/270 650/1138/258
f 652/1150/273 659/1151/122 651/1140/107
f 652/1141/273 661/1152/403 660/1153/284
f 653/1143/278 662/1154/277 661/1152/403
f 655/1146/116 662/1155/277 654/1144/272
f 655/1146/116 664/1156/275 663/1157/117
f 657/1147/402 664/1158/275 656/1148/276
f 658/1159/270 665/1160/281 657/1147/402
f 651/1140/107 666/1161/274 658/1149/270
f 660/1162/284 667/1163/130 659/1151/122
f 661/1152/403 668/1164/291 660/1153/284
f 661/1152/403 670/1165/289 669/1166/404
f 663/1157/117 670/1167/289 662/1155/277
f 663/1157/117 672/1168/282 671/1169/126
f 665/1160/281 672/1170/282 664/1158/275
f 665/1160/281 674/1171/280 673/1172/286
f 666/1161/274 667/1163/130 674/1173/280
f 668/1174/291 675/1175/129 667/1163/130
f 669/1166/404 676/1176/297 668/1164/291
f 669/1166/404 678/1177/288 677/1178/290
f 670/1167/289 679/1179/133 678/1180/288
f 672/1168/282 679/1179/133 671/1169/126
f 673/1172/286 680/1181/287 672/1170/282
f 673/1172/286 682/1182/292 681/1183/405
f 674/1173/280 675/1175/129 682/1184/292
f 676/1185/297 683/1186/73 675/1175/129
f 676/1176/297 685/1187/296 684/1188/298
f 677/1178/290 686/1189/295 685/1187/296
f 679/1179/133 686/1190/295 678/1180/288
f 680/1191/287 687/1192/62 679/1179/133
f 681/1183/405 688/1193/294 680/1181/287
f 682/1182/292 689/1194/293 681/1183/405
f 682/1184/292 683/1186/73 690/1195/299
f 684/1196/298 691/1197/144 683/1198/73
f 684/1188/298 693/1199/309 692/1200/303
f 686/1189/295 693/1199/309 685/1187/296
f 687/1192/62 694/1201/302 686/1190/295
f 688/1202/294 695/1203/147 687/1204/62
f 688/1193/294 697/1205/300 696/1206/301
f 689/1194/293 698/1207/304 697/1205/300
f 683/1186/73 698/1208/304 690/1195/299
f 691/1197/144 700/1209/310 699/1210/162
f 693/1199/309 700/1211/310 692/1200/303
f 694/1212/302 701/1213/406 693/1199/309
f 694/1214/302 703/1215/157 702/1216/308
f 696/1217/301 703/1215/157 695/1203/147
f 697/1205/300 704/1218/307 696/1206/301
f 697/1205/300 706/1219/305 705/1220/407
f 691/1197/144 706/1221/305 698/1222/304
f 699/1210/162 708/1223/316 707/1224/161
f 700/1211/310 709/1225/315 708/1226/316
f 702/1227/308 709/1225/315 701/1213/406
f 702/1216/308 711/1228/171 710/1229/313
f 704/1230/307 711/1228/171 703/1215/157
f 705/1220/407 712/1231/312 704/1218/307
f 706/1219/305 713/1232/311 705/1220/407
f 699/1210/162 714/1233/318 706/1221/305
f 708/1223/316 715/1234/175 707/1224/161
f 708/1226/316 717/1235/322 716/1236/323
f 709/1225/315 718/1237/321 717/1235/322
f 711/1228/171 718/1238/321 710/1229/313
f 712/1239/312 719/1240/170 711/1228/171
f 713/1232/311 720/1241/320 712/1231/312
f 713/1232/311 722/1242/317 721/1243/319
f 707/1224/161 722/1244/317 714/1233/318
f 716/1245/323 723/1246/184 715/1234/175
f 717/1235/322 724/1247/334 716/1236/323
f 718/1237/321 725/1248/327 717/1235/322
f 719/1240/170 726/1249/326 718/1238/321
f 720/1250/320 727/1251/180 719/1240/170
f 721/1243/319 728/1252/325 720/1241/320
f 722/1242/317 729/1253/408 721/1243/319
f 722/1244/317 723/1246/184 730/1254/328
f 724/1255/334 731/1256/25 723/1246/184
f 724/1247/334 733/1257/333 732/1258/335
f 725/1248/327 734/1259/332 733/1257/333
f 727/1251/180 734/1260/332 726/1249/326
f 728/1261/325 735/1262/12 727/1251/180
f 729/1253/408 736/1263/331 728/1252/325
f 730/1264/328 737/1265/330 729/1253/408
f 730/1254/328 731/1256/25 738/1266/329
f 731/1267/25 740/1268/340 739/1269/101
f 733/1257/333 740/1270/340 732/1258/335
f 734/1259/332 741/1271/409 733/1257/333
f 735/1262/12 742/1272/345 734/1260/332
f 736/1273/331 743/1274/94 735/1275/12
f 736/1263/331 745/1276/337 744/1277/338
f 737/1265/330 746/1278/336 745/1276/337
f 731/1256/25 746/1279/336 738/1266/329
f 740/1268/340 747/1280/116 739/1269/101
f 740/1270/340 749/1281/352 748/1282/346
f 742/1283/345 749/1281/352 741/1271/409
f 743/1274/94 750/1284/344 742/1285/345
f 744/1286/338 751/1287/107 743/1274/94
f 744/1277/338 753/1288/410 752/1289/343
f 746/1278/336 753/1288/410 745/1276/337
f 739/1269/101 754/1290/341 746/1291/336
f 748/1292/346 755/1293/117 747/1280/116
f 749/1281/352 756/1294/358 748/1282/346
f 750/1295/344 757/1296/351 749/1281/352
f 751/1287/107 758/1297/350 750/1284/344
f 751/1287/107 760/1298/349 759/1299/122
f 753/1288/410 760/1300/349 752/1289/343
f 754/1301/341 761/1302/348 753/1288/410
f 747/1280/116 762/1303/347 754/1290/341
f 756/1304/358 763/1305/126 755/1293/117
f 757/1296/351 764/1306/363 756/1294/358
f 757/1296/351 766/1307/356 765/1308/357
f 759/1299/122 766/1309/356 758/1297/350
f 759/1299/122 768/1310/355 767/1311/130
f 760/1300/349 769/1312/411 768/1313/355
f 761/1302/348 770/1314/353 769/1312/411
f 762/1303/347 763/1305/126 770/1315/353
f 763/1305/126 772/1316/370 771/1317/133
f 765/1308/357 772/1318/370 764/1306/363
f 766/1307/356 773/1319/362 765/1308/357
f 767/1311/130 774/1320/361 766/1309/356
f 768/1310/355 775/1321/129 767/1311/130
f 769/1312/411 776/1322/360 768/1313/355
f 770/1314/353 777/1323/359 769/1312/411
f 763/1305/126 778/1324/364 770/1315/353
f 772/1316/370 779/1325/62 771/1317/133
f 773/1319/362 780/1326/371 772/1318/370
f 774/1327/361 781/1328/369 773/1319/362
f 774/1320/361 783/1329/73 782/1330/368
f 776/1331/360 783/1329/73 775/1321/129
f 776/1322/360 785/1332/366 784/1333/367
f 778/1334/364 785/1332/366 777/1323/359
f 771/1317/133 786/1335/365 778/1324/364
f 779/1325/62 788/1336/375 787/1337/147
f 781/1328/369 788/1338/375 780/1326/371
f 781/1328/369 790/1339/379 789/1340/374
f 783/1341/73 790/1342/379 782/1343/368
f 784/1344/367 791/1345/144 783/1329/73
f 785/1332/366 792/1346/373 784/1333/367
f 786/1347/365 793/1348/377 785/1332/366
f 786/1349/365 787/1350/147 794/1351/372
f 787/1350/147 796/1352/381 795/1353/157
f 789/1340/374 796/1354/381 788/1338/375
f 790/1339/379 797/1355/380 789/1340/374
f 791/1356/144 798/1357/384 790/1342/379
f 791/1356/144 800/1358/383 799/1359/162
f 792/1346/373 801/1360/378 800/1361/383
f 794/1362/372 801/1360/378 793/1348/377
f 787/1350/147 802/1363/376 794/1351/372
f 795/1353/157 804/1364/387 803/1365/171
f 797/1355/380 804/1366/387 796/1354/381
f 798/1367/384 805/1368/386 797/1355/380
f 799/1359/162 806/1369/385 798/1357/384
f 800/1358/383 807/1370/161 799/1359/162
f 801/1360/378 808/1371/391 800/1361/383
f 802/1372/376 809/1373/412 801/1360/378
f 795/1353/157 810/1374/388 802/1363/376
f 803/1365/171 812/1375/400 811/1376/170
f 805/1368/386 812/1377/400 804/1366/387
f 806/1378/385 813/1379/413 805/1368/386
f 806/1369/385 815/1380/175 814/1381/397
f 808/1382/391 815/1380/175 807/1370/161
f 808/1371/391 817/1383/390 816/1384/395
f 810/1385/388 817/1383/390 809/1373/412
f 810/1374/388 811/1376/170 818/1386/389
f 812/1375/400 819/1387/180 811/1376/170
f 813/1379/413 820/1388/401 812/1377/400
f 813/1379/413 822/1389/398 821/1390/399
f 814/1381/397 823/1391/184 822/1392/398
f 816/1393/395 823/1391/184 815/1380/175
f 816/1384/395 825/1394/414 824/1395/396
f 817/1383/390 826/1396/393 825/1394/414
f 811/1376/170 826/1397/393 818/1386/389
f 820/1398/401 635/1119/12 819/1387/180
f 820/1388/401 637/1120/266 636/1122/268
f 822/1389/398 637/1120/266 821/1390/399
f 823/1391/184 638/1399/264 822/1392/398
f 824/1400/396 639/1130/25 823/1391/184
f 825/1394/414 640/1131/262 824/1395/396
f 826/1396/393 641/1134/260 825/1394/414
f 819/1387/180 642/1401/259 826/1397/393
f 44/79/25 46/82/43 45/80/43
f 46/82/43 48/1402/44 47/83/44
f 48/84/44 50/87/45 49/85/45
f 50/87/45 52/1403/12 51/88/12
f 51/89/12 52/1404/12 54/90/46
f 53/91/46 54/90/46 56/92/47
f 48/96/42 46/1405/42 44/1406/42
f 44/1406/42 58/1407/415 56/94/42
f 56/94/42 54/1408/415 52/95/42
f 52/95/42 50/1409/42 48/96/42
f 48/96/42 44/1406/42 56/94/42
f 56/97/47 58/1410/48 57/98/48
f 57/98/48 58/1410/48 44/100/25
f 57/104/49 43/1411/1 45/1412/1
f 45/1412/1 47/1413/1 49/102/1
f 49/102/1 51/1414/1 53/103/49
f 53/103/49 55/1415/49 57/104/49
f 57/104/49 45/1412/1 49/102/1
f 86/105/50 87/405/51 63/106/51
f 85/108/52 86/105/50 62/107/50
f 165/110/53 189/120/53 188/111/54
f 158/113/55 182/122/55 181/114/56
f 173/116/57 197/124/57 196/117/58
f 166/119/59 190/126/59 189/120/53
f 159/121/60 183/128/60 182/122/55
f 174/123/61 198/130/61 197/124/57
f 167/125/62 191/132/62 190/126/59
f 160/127/63 184/134/63 183/128/60
f 175/129/64 199/1416/64 198/130/61
f 167/125/62 168/1417/65 192/131/65
f 161/133/66 185/142/66 184/134/63
f 176/135/67 200/144/67 199/136/64
f 169/138/52 193/1418/52 192/139/65
f 162/141/68 186/149/68 185/142/66
f 177/143/69 201/151/69 200/144/67
f 170/145/50 194/156/50 193/146/52
f 163/148/70 187/1419/70 186/149/68
f 178/150/71 202/159/71 201/151/69
f 155/152/72 179/1420/72 180/153/73
f 171/155/51 195/163/51 194/156/50
f 164/112/54 188/111/54 187/157/70
f 156/154/73 180/153/73 202/159/71
f 157/160/56 181/265/56 179/161/72
f 172/118/58 196/117/58 195/163/51
f 213/164/74 237/1421/74 236/165/75
f 206/167/76 230/1422/76 229/168/77
f 221/170/57 245/180/57 244/171/78
f 214/173/79 238/182/79 237/174/74
f 206/176/76 207/184/80 231/177/80
f 221/170/57 222/186/81 246/179/81
f 215/181/12 239/188/12 238/182/79
f 208/183/82 232/190/82 231/177/80
f 223/185/83 247/192/83 246/179/81
f 216/187/84 240/194/84 239/188/12
f 209/189/66 233/196/66 232/190/82
f 224/191/85 248/198/85 247/192/83
f 217/193/86 241/200/86 240/194/84
f 210/195/87 234/202/87 233/196/66
f 224/191/85 225/1423/88 249/197/88
f 218/199/89 242/1424/89 241/200/86
f 211/201/90 235/212/90 234/202/87
f 226/203/91 250/213/91 249/204/88
f 204/206/25 203/214/92 227/207/92
f 218/209/89 219/215/93 243/210/93
f 212/166/75 236/165/75 235/212/90
f 204/206/25 228/208/25 250/213/91
f 205/169/77 229/168/77 227/207/92
f 220/172/78 244/171/78 243/210/93
f 59/216/12 60/220/12 155/217/12
f 61/219/12 157/222/12 155/217/12
f 62/221/12 158/224/12 157/222/12
f 63/223/12 159/226/12 158/224/12
f 64/225/12 160/228/12 159/226/12
f 65/227/12 161/230/12 160/228/12
f 66/229/12 162/232/12 161/230/12
f 67/231/12 163/234/12 162/232/12
f 67/231/12 68/236/12 164/233/12
f 69/235/12 165/238/12 164/233/12
f 70/237/12 166/240/12 165/238/12
f 70/237/12 71/242/12 167/239/12
f 72/241/12 168/140/12 167/239/12
f 73/243/12 169/138/12 168/140/12
f 74/244/12 170/246/12 169/138/12
f 75/245/12 171/248/12 170/246/12
f 76/247/12 172/250/12 171/248/12
f 77/249/12 173/252/12 172/250/12
f 78/251/12 174/254/12 173/252/12
f 79/253/12 175/256/12 174/254/12
f 79/253/12 80/258/12 176/255/12
f 81/257/12 177/260/12 176/255/12
f 81/257/12 82/261/12 178/259/12
f 59/216/12 156/218/12 178/259/12
f 84/262/25 180/308/25 179/161/25
f 85/264/25 83/263/25 179/161/25
f 85/264/25 181/265/25 182/266/25
f 87/268/25 86/267/25 182/266/25
f 87/268/25 183/269/25 184/270/25
f 89/272/25 88/271/25 184/270/25
f 89/272/25 185/273/25 186/274/25
f 91/276/25 90/275/25 186/274/25
f 91/276/25 187/277/25 188/278/25
f 92/279/25 188/278/25 189/280/25
f 94/282/25 93/281/25 189/280/25
f 94/282/25 190/283/25 191/284/25
f 96/286/25 95/285/25 191/284/25
f 97/288/25 96/286/25 192/287/25
f 98/290/25 97/288/25 193/289/25
f 99/292/25 98/290/25 194/291/25
f 100/294/25 99/292/25 195/293/25
f 100/294/25 196/295/25 197/296/25
f 101/297/25 197/296/25 198/298/25
f 103/300/25 102/299/25 198/298/25
f 103/300/25 199/301/25 200/302/25
f 104/303/25 200/302/25 201/304/25
f 105/305/25 201/304/25 202/306/25
f 84/262/25 106/307/25 202/306/25
f 107/309/73 108/313/73 203/310/73
f 109/312/73 205/315/73 203/310/73
f 109/312/73 110/317/73 206/314/73
f 111/316/73 207/319/73 206/314/73
f 111/316/73 112/321/73 208/318/73
f 113/320/73 209/323/73 208/318/73
f 114/322/73 210/325/73 209/323/73
f 115/324/73 211/327/73 210/325/73
f 116/326/73 212/329/73 211/327/73
f 117/328/73 213/331/73 212/329/73
f 118/330/73 214/333/73 213/331/73
f 118/330/73 119/335/73 215/332/73
f 120/334/73 216/337/73 215/332/73
f 121/336/73 217/339/73 216/337/73
f 122/338/73 218/341/73 217/339/73
f 123/340/73 219/343/73 218/341/73
f 123/340/73 124/344/73 220/342/73
f 124/344/73 125/347/73 221/345/73
f 126/346/73 222/349/73 221/345/73
f 127/348/73 223/351/73 222/349/73
f 127/348/73 128/353/73 224/350/73
f 129/352/73 225/355/73 224/350/73
f 129/352/73 130/356/73 226/354/73
f 107/309/73 204/311/73 226/354/73
f 132/357/62 228/404/62 227/358/62
f 133/360/62 131/359/62 227/358/62
f 133/360/62 229/361/62 230/362/62
f 135/364/62 134/363/62 230/362/62
f 135/364/62 231/365/62 232/366/62
f 137/368/62 136/367/62 232/366/62
f 137/368/62 233/369/62 234/370/62
f 139/372/62 138/371/62 234/370/62
f 140/374/62 139/372/62 235/373/62
f 141/376/62 140/374/62 236/375/62
f 142/378/62 141/376/62 237/377/62
f 142/378/62 238/379/62 239/380/62
f 144/382/62 143/381/62 239/380/62
f 144/382/62 240/383/62 241/384/62
f 146/386/62 145/385/62 241/384/62
f 147/388/62 146/386/62 242/387/62
f 147/388/62 243/389/62 244/390/62
f 148/391/62 244/390/62 245/392/62
f 150/394/62 149/393/62 245/392/62
f 151/396/62 150/394/62 246/395/62
f 151/396/62 247/397/62 248/398/62
f 153/400/62 152/399/62 248/398/62
f 153/400/62 249/401/62 250/402/62
f 132/357/62 154/403/62 250/402/62
f 87/405/51 88/407/58 64/406/58
f 88/407/58 89/409/57 65/408/57
f 89/409/57 90/411/61 66/410/61
f 90/411/61 91/1425/64 67/412/64
f 91/413/64 92/416/67 68/414/67
f 92/416/67 93/418/69 69/417/69
f 93/418/69 94/420/71 70/419/71
f 94/420/71 95/422/73 71/421/73
f 95/422/73 96/1426/72 72/423/72
f 96/286/72 97/288/56 73/424/56
f 97/426/56 98/1427/55 74/427/55
f 74/427/55 98/1427/55 99/429/60
f 99/429/60 100/432/63 76/431/63
f 100/432/63 101/434/66 77/433/66
f 101/434/66 102/436/68 78/435/68
f 102/436/68 103/1428/70 79/437/70
f 103/438/70 104/441/54 80/439/54
f 104/441/54 105/443/53 81/442/53
f 105/443/53 106/445/59 82/444/59
f 106/445/59 84/447/62 59/446/62
f 84/447/62 83/1429/65 60/448/65
f 83/449/65 85/1430/52 61/219/52
f 134/450/89 110/1431/89 109/451/86
f 135/453/93 111/457/93 110/454/89
f 135/453/93 136/459/78 112/456/78
f 137/458/57 113/461/57 112/456/78
f 138/460/81 114/463/81 113/461/57
f 139/462/83 115/465/83 114/463/81
f 140/464/85 116/467/85 115/465/83
f 141/466/88 117/1432/88 116/467/85
f 142/468/91 118/472/91 117/469/88
f 143/471/25 119/474/25 118/472/91
f 144/473/92 120/476/92 119/474/25
f 145/475/77 121/478/77 120/476/92
f 146/477/76 122/1433/76 121/478/77
f 147/479/80 123/483/80 122/480/76
f 148/482/82 124/485/82 123/483/80
f 149/484/66 125/487/66 124/485/82
f 150/486/87 126/489/87 125/487/66
f 150/486/87 151/491/90 127/488/90
f 152/490/75 128/493/75 127/488/90
f 153/492/74 129/1434/74 128/493/75
f 154/494/79 130/498/79 129/495/74
f 154/494/79 132/500/12 107/497/12
f 131/499/84 108/501/84 107/497/12
f 131/499/84 133/452/86 109/451/86
f 259/502/94 260/524/96 252/503/95
f 260/505/96 261/508/98 253/506/97
f 261/508/98 262/527/100 254/509/99
f 262/510/100 263/1435/101 255/511/25
f 263/513/101 264/531/112 256/514/102
f 256/516/102 264/533/112 265/517/103
f 265/517/103 266/535/106 258/519/105
f 266/520/106 259/1436/94 251/521/12
f 267/523/107 268/538/108 260/524/96
f 268/525/108 269/526/109 261/508/98
f 269/526/109 270/541/110 262/527/100
f 270/528/110 271/543/116 263/513/101
f 263/513/101 271/543/116 272/530/111
f 272/532/111 273/534/113 265/517/103
f 273/534/113 274/547/120 266/535/106
f 266/536/106 274/549/120 267/523/107
f 267/523/107 275/550/122 276/537/114
f 276/539/114 277/553/124 269/526/109
f 269/526/109 277/553/124 278/540/115
f 278/542/115 279/544/117 271/543/116
f 279/544/117 280/556/118 272/530/111
f 280/545/118 281/546/119 273/534/113
f 281/546/119 282/559/121 274/547/120
f 282/548/121 275/550/122 267/523/107
f 275/550/122 283/562/130 284/551/123
f 284/552/123 285/554/125 277/553/124
f 285/554/125 286/564/132 278/540/115
f 278/542/115 286/565/132 287/555/126
f 287/555/126 288/567/134 280/556/118
f 280/545/118 288/568/134 289/557/127
f 281/546/119 289/557/127 290/558/128
f 290/560/128 283/562/130 275/550/122
f 291/561/129 292/572/137 284/551/123
f 284/552/123 292/574/137 293/563/131
f 293/563/131 294/576/140 286/564/132
f 286/565/132 294/577/140 295/566/133
f 295/566/133 296/579/141 288/567/134
f 288/568/134 296/581/141 297/569/135
f 297/569/135 298/583/136 290/558/128
f 298/570/136 291/561/129 283/562/130
f 299/571/73 300/585/138 292/572/137
f 300/573/138 301/575/139 293/563/131
f 301/575/139 302/587/146 294/576/140
f 294/577/140 302/1437/146 303/578/62
f 303/578/62 304/592/142 296/579/141
f 304/580/142 305/594/149 297/569/135
f 297/569/135 305/594/149 306/582/143
f 298/570/136 306/1438/143 299/571/73
f 307/584/144 308/1439/153 300/585/138
f 300/573/138 308/602/153 309/586/145
f 309/586/145 310/605/156 302/587/146
f 302/588/146 310/607/156 311/589/147
f 311/591/147 312/1440/148 304/592/142
f 312/593/148 313/595/150 305/594/149
f 313/595/150 314/612/151 306/582/143
f 314/596/151 307/599/144 299/597/73
f 307/599/144 315/615/162 316/600/152
f 308/602/153 316/617/152 317/603/154
f 309/586/145 317/603/154 318/604/155
f 318/606/155 319/608/157 311/589/147
f 319/608/157 320/621/158 312/609/148
f 320/610/158 321/611/159 313/595/150
f 321/611/159 322/624/160 314/612/151
f 322/613/160 315/615/162 307/599/144
f 323/614/161 324/626/163 316/600/152
f 324/616/163 325/618/164 317/603/154
f 325/618/164 326/629/165 318/604/155
f 326/619/165 327/631/171 319/608/157
f 319/608/157 327/631/171 328/620/166
f 328/622/166 329/623/167 321/611/159
f 329/623/167 330/634/174 322/624/160
f 322/613/160 330/636/174 323/614/161
f 323/614/161 331/637/175 332/625/168
f 332/627/168 333/628/169 325/618/164
f 333/628/169 334/641/178 326/629/165
f 326/619/165 334/643/178 335/630/170
f 335/630/170 336/645/172 328/620/166
f 336/632/172 337/647/182 329/623/167
f 329/623/167 337/647/182 338/633/173
f 338/635/173 331/637/175 323/614/161
f 331/637/175 339/651/184 340/638/176
f 340/639/176 341/640/177 333/628/169
f 341/640/177 342/654/179 334/641/178
f 342/642/179 343/644/180 335/630/170
f 343/644/180 344/656/187 336/645/172
f 336/632/172 344/657/187 345/646/181
f 337/647/182 345/646/181 346/648/183
f 346/649/183 339/651/184 331/637/175
f 347/650/25 348/660/185 340/638/176
f 348/652/185 349/653/186 341/640/177
f 349/653/186 350/663/191 342/654/179
f 342/642/179 350/1441/191 351/655/12
f 351/655/12 352/668/193 344/656/187
f 344/657/187 352/670/193 353/658/188
f 353/658/188 354/672/196 346/648/183
f 346/649/183 354/1442/196 347/650/25
f 355/659/101 356/1443/189 348/660/185
f 356/661/189 357/662/190 349/653/186
f 357/662/190 358/681/192 350/663/191
f 358/664/192 359/683/94 351/665/12
f 359/667/94 360/1444/194 352/668/193
f 360/669/194 361/671/195 353/658/188
f 361/671/195 362/688/197 354/672/196
f 362/673/197 355/678/101 347/674/25
f 363/676/116 364/690/198 356/677/189
f 364/679/198 365/680/199 357/662/190
f 365/680/199 366/693/200 358/681/192
f 366/682/200 367/684/107 359/683/94
f 367/684/107 368/696/201 360/685/194
f 368/686/201 369/687/202 361/671/195
f 369/687/202 370/699/208 362/688/197
f 362/673/197 370/700/208 363/676/116
f 371/689/117 372/702/203 364/690/198
f 372/691/203 373/692/204 365/680/199
f 373/692/204 374/704/205 366/693/200
f 374/694/205 375/695/122 367/684/107
f 375/695/122 376/706/206 368/696/201
f 376/697/206 377/698/207 369/687/202
f 377/698/207 378/708/212 370/699/208
f 370/700/208 378/710/212 371/689/117
f 371/689/117 379/711/126 380/701/209
f 372/691/203 380/714/209 381/703/210
f 381/703/210 382/716/216 374/704/205
f 374/694/205 382/718/216 383/705/130
f 383/705/130 384/720/218 376/706/206
f 376/697/206 384/722/218 385/707/211
f 385/707/211 386/724/213 378/708/212
f 386/709/213 379/711/126 371/689/117
f 379/711/126 387/725/133 388/712/214
f 388/713/214 389/715/215 381/703/210
f 389/715/215 390/729/217 382/716/216
f 390/717/217 391/719/129 383/705/130
f 391/719/129 392/732/219 384/720/218
f 392/721/219 393/723/220 385/707/211
f 393/723/220 394/735/225 386/724/213
f 386/709/213 394/736/225 387/725/133
f 387/725/133 395/737/62 396/726/221
f 396/727/221 397/742/227 389/715/215
f 389/715/215 397/742/227 398/728/222
f 390/717/217 398/744/222 399/730/73
f 391/719/129 399/730/73 400/731/223
f 400/733/223 401/750/230 393/723/220
f 393/723/220 401/750/230 402/734/224
f 394/736/225 402/753/224 395/737/62
f 395/738/62 403/755/147 404/739/226
f 404/741/226 405/743/228 397/742/227
f 405/743/228 406/758/235 398/728/222
f 398/744/222 406/1445/235 407/745/144
f 399/746/73 407/760/144 408/747/229
f 408/749/229 409/751/231 401/750/230
f 409/751/231 410/765/232 402/734/224
f 410/752/232 403/1446/147 395/737/62
f 411/754/157 412/768/238 404/739/226
f 404/741/226 412/770/238 413/756/233
f 405/743/228 413/756/233 414/757/234
f 414/759/234 415/773/162 407/760/144
f 407/760/144 415/773/162 416/762/236
f 416/763/236 417/764/237 409/751/231
f 417/764/237 418/777/243 410/765/232
f 410/766/232 418/779/243 411/754/157
f 419/767/171 420/781/239 412/768/238
f 420/769/239 421/783/247 413/756/233
f 413/756/233 421/783/247 422/771/240
f 422/772/240 423/774/161 415/773/162
f 423/774/161 424/785/241 416/762/236
f 424/775/241 425/776/242 417/764/237
f 425/776/242 426/788/244 418/777/243
f 426/778/244 419/767/171 411/754/157
f 419/767/171 427/790/170 428/780/245
f 420/769/239 428/793/245 429/782/246
f 429/782/246 430/795/252 422/771/240
f 422/772/240 430/796/252 431/784/175
f 431/784/175 432/798/253 424/785/241
f 424/775/241 432/799/253 433/786/248
f 425/776/242 433/786/248 434/787/249
f 434/789/249 427/790/170 419/767/171
f 427/790/170 435/802/180 436/791/250
f 436/792/250 437/794/251 429/782/246
f 437/794/251 438/803/256 430/795/252
f 430/796/252 438/804/256 439/797/184
f 439/797/184 440/806/257 432/798/253
f 432/799/253 440/807/257 441/800/254
f 441/800/254 442/808/255 434/787/249
f 442/801/255 435/802/180 427/790/170
f 251/521/12 252/1447/95 436/791/250
f 436/792/250 252/507/95 253/506/97
f 253/506/97 254/509/99 438/803/256
f 254/512/99 255/511/25 439/797/184
f 439/797/184 255/511/25 256/805/102
f 440/807/257 256/516/102 257/518/104
f 257/518/104 258/519/105 442/808/255
f 258/522/105 251/521/12 435/802/180
f 443/809/12 451/831/94 452/810/258
f 452/812/258 453/815/261 445/813/260
f 453/815/261 454/834/263 446/816/262
f 454/817/263 455/1448/101 447/818/25
f 455/820/101 456/837/265 448/821/264
f 456/823/265 457/826/267 449/824/266
f 457/826/267 458/840/269 450/827/268
f 458/828/269 451/1449/94 443/829/12
f 451/831/94 459/843/107 460/832/270
f 452/812/258 460/846/270 461/833/271
f 461/833/271 462/848/276 454/834/263
f 454/835/263 462/849/276 463/836/116
f 463/836/116 464/852/272 456/837/265
f 464/838/272 465/854/278 457/826/267
f 457/826/267 465/854/278 466/839/273
f 466/841/273 459/843/107 451/831/94
f 459/843/107 467/856/122 468/844/274
f 468/845/274 469/859/281 461/833/271
f 461/833/271 469/859/281 470/847/275
f 462/849/276 470/861/275 471/850/117
f 463/836/116 471/850/117 472/851/277
f 472/853/277 473/855/279 465/854/278
f 473/855/279 474/864/284 466/839/273
f 466/841/273 474/865/284 467/856/122
f 475/857/130 476/867/280 468/844/274
f 476/858/280 477/869/286 469/859/281
f 469/859/281 477/869/286 478/860/282
f 470/861/275 478/872/282 479/862/126
f 479/862/126 480/874/289 472/851/277
f 472/853/277 480/876/289 481/863/283
f 481/863/283 482/878/291 474/864/284
f 474/865/284 482/879/291 475/857/130
f 483/866/129 484/881/292 476/867/280
f 476/858/280 484/882/292 485/868/285
f 477/869/286 485/868/285 486/870/287
f 486/871/287 487/886/133 479/862/126
f 479/862/126 487/886/133 488/873/288
f 488/875/288 489/877/290 481/863/283
f 489/877/290 490/890/297 482/878/291
f 482/879/291 490/892/297 483/866/129
f 491/880/73 492/894/299 484/881/292
f 484/882/292 492/895/299 493/883/293
f 485/868/285 493/883/293 494/884/294
f 494/885/294 495/887/62 487/886/133
f 495/887/62 496/901/295 488/873/288
f 496/888/295 497/889/296 489/877/290
f 497/889/296 498/904/298 490/890/297
f 498/891/298 491/880/73 483/866/129
f 499/893/144 500/1450/304 492/894/299
f 492/895/299 500/912/304 501/896/300
f 501/896/300 502/914/301 494/884/294
f 502/897/301 503/916/147 495/898/62
f 503/900/147 504/1451/302 496/901/295
f 504/902/302 505/920/309 497/889/296
f 497/889/296 505/920/309 506/903/303
f 506/905/303 499/910/144 491/906/73
f 507/908/162 508/924/305 500/909/304
f 508/911/305 509/913/306 501/896/300
f 509/913/306 510/926/307 502/914/301
f 510/915/307 511/928/157 503/916/147
f 503/916/147 511/928/157 512/917/308
f 512/919/308 513/931/314 505/920/309
f 505/920/309 513/931/314 514/921/310
f 514/922/310 507/908/162 499/910/144
f 515/923/161 516/935/318 508/924/305
f 508/911/305 516/936/318 517/925/311
f 517/925/311 518/938/312 510/926/307
f 518/927/312 519/929/171 511/928/157
f 519/929/171 520/941/313 512/917/308
f 520/930/313 521/932/315 513/931/314
f 521/932/315 522/944/316 514/921/310
f 522/933/316 515/923/161 507/908/162
f 515/923/161 523/947/175 524/934/317
f 516/936/318 524/948/317 525/937/319
f 525/937/319 526/950/320 518/938/312
f 526/939/320 527/952/170 519/929/171
f 519/929/171 527/952/170 528/940/321
f 528/942/321 529/943/322 521/932/315
f 529/943/322 530/956/323 522/944/316
f 530/945/323 523/947/175 515/923/161
f 531/946/184 532/958/328 524/934/317
f 524/948/317 532/960/328 533/949/324
f 533/949/324 534/962/325 526/950/320
f 534/951/325 535/964/180 527/952/170
f 527/952/170 535/964/180 536/953/326
f 536/954/326 537/955/327 529/943/322
f 537/955/327 538/968/334 530/956/323
f 530/945/323 538/970/334 531/946/184
f 539/957/25 540/972/329 532/958/328
f 540/959/329 541/961/330 533/949/324
f 541/961/330 542/975/331 534/962/325
f 542/963/331 543/965/12 535/964/180
f 543/965/12 544/980/332 536/953/326
f 544/966/332 545/967/333 537/955/327
f 545/967/333 546/982/335 538/968/334
f 546/969/335 539/957/25 531/946/184
f 547/971/101 548/1452/336 540/972/329
f 548/973/336 549/974/337 541/961/330
f 549/974/337 550/990/338 542/975/331
f 550/976/338 551/992/94 543/977/12
f 551/979/94 552/1453/345 544/980/332
f 544/966/332 552/996/345 553/981/339
f 553/981/339 554/998/340 546/982/335
f 554/983/340 547/986/101 539/984/25
f 547/986/101 555/1001/116 556/987/341
f 548/973/336 556/1003/341 557/989/342
f 557/989/342 558/1005/343 550/990/338
f 558/991/343 559/1007/107 551/992/94
f 551/992/94 559/1007/107 560/993/344
f 560/995/344 561/1010/352 553/981/339
f 553/981/339 561/1010/352 562/997/346
f 562/999/346 555/1001/116 547/986/101
f 563/1000/117 564/1012/347 556/987/341
f 564/1002/347 565/1004/348 557/989/342
f 565/1004/348 566/1015/349 558/1005/343
f 566/1006/349 567/1017/122 559/1007/107
f 559/1007/107 567/1017/122 568/1008/350
f 560/995/344 568/1020/350 569/1009/351
f 569/1009/351 570/1022/358 562/997/346
f 562/999/346 570/1023/358 563/1000/117
f 571/1011/126 572/1025/353 564/1012/347
f 572/1013/353 573/1014/354 565/1004/348
f 573/1014/354 574/1027/355 566/1015/349
f 574/1016/355 575/1029/130 567/1017/122
f 567/1017/122 575/1029/130 576/1018/356
f 576/1019/356 577/1021/357 569/1009/351
f 577/1021/357 578/1032/363 570/1022/358
f 570/1023/358 578/1033/363 571/1011/126
f 579/1024/133 580/1035/364 572/1025/353
f 572/1013/353 580/1037/364 581/1026/359
f 581/1026/359 582/1039/360 574/1027/355
f 582/1028/360 583/1041/129 575/1029/130
f 575/1029/130 583/1041/129 584/1030/361
f 576/1019/356 584/1044/361 585/1031/362
f 585/1031/362 586/1046/370 578/1032/363
f 578/1033/363 586/1048/370 579/1024/133
f 587/1034/62 588/1454/365 580/1035/364
f 588/1036/365 589/1038/366 581/1026/359
f 589/1038/366 590/1054/367 582/1039/360
f 590/1040/367 591/1042/73 583/1041/129
f 591/1042/73 592/1455/368 584/1030/361
f 592/1043/368 593/1045/369 585/1031/362
f 593/1045/369 594/1061/371 586/1046/370
f 594/1047/371 587/1034/62 579/1024/133
f 587/1049/62 595/1063/147 596/1050/372
f 596/1052/372 597/1066/377 589/1038/366
f 589/1038/366 597/1066/377 598/1053/373
f 598/1055/373 599/1456/144 591/1042/73
f 599/1056/144 600/1070/379 592/1057/368
f 592/1043/368 600/1071/379 601/1059/374
f 593/1045/369 601/1059/374 602/1060/375
f 602/1062/375 595/1457/147 587/1034/62
f 595/1063/147 603/1076/157 604/1064/376
f 604/1065/376 605/1067/378 597/1066/377
f 605/1067/378 606/1078/383 598/1053/373
f 598/1068/373 606/1079/383 607/1069/162
f 607/1069/162 608/1081/384 600/1070/379
f 600/1071/379 608/1083/384 609/1072/380
f 609/1072/380 610/1085/381 602/1060/375
f 610/1073/381 603/1076/157 595/1063/147
f 611/1075/171 612/1088/388 604/1064/376
f 604/1065/376 612/1090/388 613/1077/382
f 613/1077/382 614/1092/391 606/1078/383
f 606/1079/383 614/1093/391 615/1080/161
f 615/1080/161 616/1095/385 608/1081/384
f 616/1082/385 617/1084/386 609/1072/380
f 617/1084/386 618/1097/387 610/1085/381
f 618/1086/387 611/1075/171 603/1076/157
f 619/1087/170 620/1099/389 612/1088/388
f 620/1089/389 621/1091/390 613/1077/382
f 621/1091/390 622/1102/395 614/1092/391
f 614/1093/391 622/1104/395 623/1094/175
f 623/1094/175 624/1106/397 616/1095/385
f 616/1082/385 624/1108/397 625/1096/392
f 625/1096/392 626/1110/400 618/1097/387
f 618/1086/387 626/1112/400 619/1087/170
f 627/1098/180 628/1113/393 620/1099/389
f 628/1100/393 629/1101/394 621/1091/390
f 629/1101/394 630/1114/396 622/1102/395
f 630/1103/396 631/1105/184 623/1094/175
f 631/1105/184 632/1115/398 624/1106/397
f 632/1107/398 633/1109/399 625/1096/392
f 633/1109/399 634/1116/401 626/1110/400
f 634/1111/401 627/1098/180 619/1087/170
f 443/829/12 444/1458/259 628/1113/393
f 628/1100/393 444/814/259 445/813/260
f 445/813/260 446/816/262 630/1114/396
f 446/819/262 447/818/25 631/1105/184
f 447/818/25 448/1459/264 632/1115/398
f 448/825/264 449/824/266 633/1109/399
f 449/824/266 450/827/268 634/1116/401
f 450/830/268 443/829/12 627/1098/180
f 636/1117/268 644/1460/269 643/1118/94
f 637/1120/266 645/1124/267 644/1121/269
f 638/1123/264 646/1142/265 645/1124/267
f 638/1125/264 639/1461/25 647/1126/101
f 640/1128/262 648/1462/263 647/1129/101
f 640/1131/262 641/1134/260 649/1132/261
f 641/1134/260 642/1463/259 650/1135/258
f 642/1136/259 635/1464/12 643/1137/94
f 644/1139/269 652/1150/273 651/1140/107
f 645/1124/267 653/1143/278 652/1141/273
f 646/1142/265 654/1465/272 653/1143/278
f 647/1126/101 655/1146/116 654/1144/272
f 648/1145/263 656/1466/276 655/1146/116
f 648/1133/263 649/1132/261 657/1147/402
f 650/1135/258 658/1159/270 657/1147/402
f 643/1137/94 651/1140/107 658/1149/270
f 652/1150/273 660/1162/284 659/1151/122
f 652/1141/273 653/1143/278 661/1152/403
f 653/1143/278 654/1465/272 662/1154/277
f 655/1146/116 663/1157/117 662/1155/277
f 655/1146/116 656/1466/276 664/1156/275
f 657/1147/402 665/1160/281 664/1158/275
f 658/1159/270 666/1467/274 665/1160/281
f 651/1140/107 659/1151/122 666/1161/274
f 660/1162/284 668/1174/291 667/1163/130
f 661/1152/403 669/1166/404 668/1164/291
f 661/1152/403 662/1154/277 670/1165/289
f 663/1157/117 671/1169/126 670/1167/289
f 663/1157/117 664/1156/275 672/1168/282
f 665/1160/281 673/1172/286 672/1170/282
f 665/1160/281 666/1467/274 674/1171/280
f 666/1161/274 659/1151/122 667/1163/130
f 668/1174/291 676/1185/297 675/1175/129
f 669/1166/404 677/1178/290 676/1176/297
f 669/1166/404 670/1165/289 678/1177/288
f 670/1167/289 671/1169/126 679/1179/133
f 672/1168/282 680/1191/287 679/1179/133
f 673/1172/286 681/1183/405 680/1181/287
f 673/1172/286 674/1171/280 682/1182/292
f 674/1173/280 667/1163/130 675/1175/129
f 676/1185/297 684/1468/298 683/1186/73
f 676/1176/297 677/1178/290 685/1187/296
f 677/1178/290 678/1177/288 686/1189/295
f 679/1179/133 687/1192/62 686/1190/295
f 680/1191/287 688/1469/294 687/1192/62
f 681/1183/405 689/1194/293 688/1193/294
f 682/1182/292 690/1470/299 689/1194/293
f 682/1184/292 675/1175/129 683/1186/73
f 684/1196/298 692/1471/303 691/1197/144
f 684/1188/298 685/1187/296 693/1199/309
f 686/1189/295 694/1212/302 693/1199/309
f 687/1192/62 695/1472/147 694/1201/302
f 688/1202/294 696/1217/301 695/1203/147
f 688/1193/294 689/1194/293 697/1205/300
f 689/1194/293 690/1470/299 698/1207/304
f 683/1186/73 691/1473/144 698/1208/304
f 691/1197/144 692/1471/303 700/1209/310
f 693/1199/309 701/1213/406 700/1211/310
f 694/1212/302 702/1227/308 701/1213/406
f 694/1214/302 695/1203/147 703/1215/157
f 696/1217/301 704/1230/307 703/1215/157
f 697/1205/300 705/1220/407 704/1218/307
f 697/1205/300 698/1207/304 706/1219/305
f 691/1197/144 699/1210/162 706/1221/305
f 699/1210/162 700/1209/310 708/1223/316
f 700/1211/310 701/1213/406 709/1225/315
f 702/1227/308 710/1474/313 709/1225/315
f 702/1216/308 703/1215/157 711/1228/171
f 704/1230/307 712/1239/312 711/1228/171
f 705/1220/407 713/1232/311 712/1231/312
f 706/1219/305 714/1475/318 713/1232/311
f 699/1210/162 707/1224/161 714/1233/318
f 708/1223/316 716/1245/323 715/1234/175
f 708/1226/316 709/1225/315 717/1235/322
f 709/1225/315 710/1474/313 718/1237/321
f 711/1228/171 719/1240/170 718/1238/321
f 712/1239/312 720/1250/320 719/1240/170
f 713/1232/311 721/1243/319 720/1241/320
f 713/1232/311 714/1475/318 722/1242/317
f 707/1224/161 715/1234/175 722/1244/317
f 716/1245/323 724/1255/334 723/1246/184
f 717/1235/322 725/1248/327 724/1247/334
f 718/1237/321 726/1476/326 725/1248/327
f 719/1240/170 727/1251/180 726/1249/326
f 720/1250/320 728/1261/325 727/1251/180
f 721/1243/319 729/1253/408 728/1252/325
f 722/1242/317 730/1264/328 729/1253/408
f 722/1244/317 715/1234/175 723/1246/184
f 724/1255/334 732/1477/335 731/1256/25
f 724/1247/334 725/1248/327 733/1257/333
f 725/1248/327 726/1476/326 734/1259/332
f 727/1251/180 735/1262/12 734/1260/332
f 728/1261/325 736/1478/331 735/1262/12
f 729/1253/408 737/1265/330 736/1263/331
f 730/1264/328 738/1479/329 737/1265/330
f 730/1254/328 723/1246/184 731/1256/25
f 731/1267/25 732/1480/335 740/1268/340
f 733/1257/333 741/1271/409 740/1270/340
f 734/1259/332 742/1283/345 741/1271/409
f 735/1262/12 743/1481/94 742/1272/345
f 736/1273/331 744/1286/338 743/1274/94
f 736/1263/331 737/1265/330 745/1276/337
f 737/1265/330 738/1479/329 746/1278/336
f 731/1256/25 739/1482/101 746/1279/336
f 740/1268/340 748/1292/346 747/1280/116
f 740/1270/340 741/1271/409 749/1281/352
f 742/1283/345 750/1295/344 749/1281/352
f 743/1274/94 751/1287/107 750/1284/344
f 744/1286/338 752/1483/343 751/1287/107
f 744/1277/338 745/1276/337 753/1288/410
f 746/1278/336 754/1301/341 753/1288/410
f 739/1269/101 747/1280/116 754/1290/341
f 748/1292/346 756/1304/358 755/1293/117
f 749/1281/352 757/1296/351 756/1294/358
f 750/1295/344 758/1484/350 757/1296/351
f 751/1287/107 759/1299/122 758/1297/350
f 751/1287/107 752/1483/343 760/1298/349
f 753/1288/410 761/1302/348 760/1300/349
f 754/1301/341 762/1485/347 761/1302/348
f 747/1280/116 755/1293/117 762/1303/347
f 756/1304/358 764/1486/363 763/1305/126
f 757/1296/351 765/1308/357 764/1306/363
f 757/1296/351 758/1484/350 766/1307/356
f 759/1299/122 767/1311/130 766/1309/356
f 759/1299/122 760/1298/349 768/1310/355
f 760/1300/349 761/1302/348 769/1312/411
f 761/1302/348 762/1485/347 770/1314/353
f 762/1303/347 755/1293/117 763/1305/126
f 763/1305/126 764/1486/363 772/1316/370
f 765/1308/357 773/1319/362 772/1318/370
f 766/1307/356 774/1327/361 773/1319/362
f 767/1311/130 775/1321/129 774/1320/361
f 768/1310/355 776/1331/360 775/1321/129
f 769/1312/411 777/1323/359 776/1322/360
f 770/1314/353 778/1334/364 777/1323/359
f 763/1305/126 771/1317/133 778/1324/364
f 772/1316/370 780/1487/371 779/1325/62
f 773/1319/362 781/1328/369 780/1326/371
f 774/1327/361 782/1488/368 781/1328/369
f 774/1320/361 775/1321/129 783/1329/73
f 776/1331/360 784/1344/367 783/1329/73
f 776/1322/360 777/1323/359 785/1332/366
f 778/1334/364 786/1347/365 785/1332/366
f 771/1317/133 779/1325/62 786/1335/365
f 779/1325/62 780/1487/371 788/1336/375
f 781/1328/369 789/1340/374 788/1338/375
f 781/1328/369 782/1488/368 790/1339/379
f 783/1341/73 791/1356/144 790/1342/379
f 784/1344/367 792/1489/373 791/1345/144
f 785/1332/366 793/1348/377 792/1346/373
f 786/1347/365 794/1362/372 793/1348/377
f 786/1349/365 779/1490/62 787/1350/147
f 787/1350/147 788/1491/375 796/1352/381
f 789/1340/374 797/1355/380 796/1354/381
f 790/1339/379 798/1367/384 797/1355/380
f 791/1356/144 799/1359/162 798/1357/384
f 791/1356/144 792/1492/373 800/1358/383
f 792/1346/373 793/1348/377 801/1360/378
f 794/1362/372 802/1372/376 801/1360/378
f 787/1350/147 795/1353/157 802/1363/376
f 795/1353/157 796/1352/381 804/1364/387
f 797/1355/380 805/1368/386 804/1366/387
f 798/1367/384 806/1378/385 805/1368/386
f 799/1359/162 807/1370/161 806/1369/385
f 800/1358/383 808/1382/391 807/1370/161
f 801/1360/378 809/1373/412 808/1371/391
f 802/1372/376 810/1385/388 809/1373/412
f 795/1353/157 803/1365/171 810/1374/388
f 803/1365/171 804/1364/387 812/1375/400
f 805/1368/386 813/1379/413 812/1377/400
f 806/1378/385 814/1493/397 813/1379/413
f 806/1369/385 807/1370/161 815/1380/175
f 808/1382/391 816/1393/395 815/1380/175
f 808/1371/391 809/1373/412 817/1383/390
f 810/1385/388 818/1494/389 817/1383/390
f 810/1374/388 803/1365/171 811/1376/170
f 812/1375/400 820/1398/401 819/1387/180
f 813/1379/413 821/1390/399 820/1388/401
f 813/1379/413 814/1493/397 822/1389/398
f 814/1381/397 815/1380/175 823/1391/184
f 816/1393/395 824/1400/396 823/1391/184
f 816/1384/395 817/1383/390 825/1394/414
f 817/1383/390 818/1494/389 826/1396/393
f 811/1376/170 819/1387/180 826/1397/393
f 820/1398/401 636/1117/268 635/1119/12
f 820/1388/401 821/1390/399 637/1120/266
f 822/1389/398 638/1123/264 637/1120/266
f 823/1391/184 639/1130/25 638/1399/264
f 824/1400/396 640/1128/262 639/1130/25
f 825/1394/414 641/1134/260 640/1131/262
f 826/1396/393 642/1463/259 641/1134/260
f 819/1387/180 635/1119/12 642/1401/259
